id,name,classes,duration,mp,hp
0,初級治癒術,王族 / 騎士 / 妖精 / 魔法師,瞬間,4,0
1,日光術,王族 / 騎士 / 妖精 / 魔法師,"7,200秒",4,0
2,保護罩,王族 / 騎士 / 妖精 / 魔法師,"1,200秒",2,0
3,光箭,王族 / 騎士 / 妖精 / 魔法師,瞬間,3,0
4,傳送術,王族 / 騎士 / 妖精 / 魔法師,瞬間,5,0
5,冰箭,王族 / 騎士 / 妖精 / 魔法師,瞬間,3,0
6,風刃,王族 / 騎士 / 妖精 / 魔法師,瞬間,3,0
7,神聖武器,王族 / 騎士 / 妖精 / 魔法師,"1,200秒",10,0
8,解毒術,王族 / 妖精 / 魔法師,瞬間,8,0
9,寒冷戰慄,王族 / 妖精 / 魔法師,瞬間,9,0
10,毒咒,王族 / 妖精 / 魔法師,30秒,10,0
11,擬似魔法武器,王族 / 妖精 / 魔法師,"1,800秒",20,0
12,無所遁形術,王族 / 妖精 / 魔法師,瞬間,8,0
13,負重強化,王族 / 妖精 / 魔法師,"1,800秒",10,0
14,火箭,王族 / 妖精 / 魔法師,瞬間,3,0
15,地獄之牙,王族 / 妖精 / 魔法師,瞬間,3,0
16,極光雷電,妖精 / 魔法師,瞬間,13,0
17,起死回生術,妖精 / 魔法師,瞬間,15,0
18,中級治癒術,妖精 / 魔法師,瞬間,11,0
19,闇盲咒術,妖精 / 魔法師,10秒,20,0
20,鎧甲護持,妖精 / 魔法師,"1,800秒",20,0
21,寒冰氣息,妖精 / 魔法師,瞬間,9,0
22,能量感測,妖精 / 魔法師,瞬間,8,0
24,燃燒的火球,妖精 / 魔法師,瞬間,16,0
25,通暢氣脈術,妖精 / 魔法師,"1,200秒",35,0
26,壞物術,妖精 / 魔法師,瞬間,25,0
27,吸血鬼之吻,妖精 / 魔法師,瞬間,13,0
28,緩速術,妖精 / 魔法師,30秒,20,0
29,岩牢,妖精 / 魔法師,瞬間,11,0
30,魔法屏障,妖精 / 魔法師,16秒,20,0
31,冥想術,妖精 / 魔法師,600秒,10,40
32,木乃伊的詛咒,妖精 / 魔法師,4秒,35,0
33,極道落雷,妖精 / 魔法師,瞬間,25,0
34,高級治癒術,妖精 / 魔法師,瞬間,20,0
35,迷魅術,妖精 / 魔法師,"3,600秒",30,0
36,聖潔之光,妖精 / 魔法師,瞬間,10,0
37,冰錐,妖精 / 魔法師,瞬間,21,0
38,魔力奪取,妖精 / 魔法師,瞬間,0,50
39,黑闇之影,妖精 / 魔法師,20秒,25,0
40,造屍術,妖精 / 魔法師,"3,600秒",35,0
41,體魄強健術,妖精 / 魔法師,"1,200秒",40,0
42,加速術,妖精 / 魔法師,"1,200秒",40,0
43,魔法相消術,妖精 / 魔法師,瞬間,40,0
44,地裂術,妖精 / 魔法師,瞬間,25,0
45,烈炎術,妖精 / 魔法師,瞬間,30,0
46,弱化術,妖精 / 魔法師,30秒,25,0
47,祝福魔法武器,妖精 / 魔法師,"1,200秒",20,0
48,體力回復術,魔法師,瞬間,35,0
49,冰矛圍籬,魔法師,瞬間,30,0
50,召喚術,魔法師,"3,600秒",50,0
51,神聖疾走,魔法師,64秒,15,0
52,龍捲風,魔法師,瞬間,45,0
53,強力加速術,魔法師,"2,400秒",60,0
54,狂暴術,魔法師,"1,200秒",30,0
55,疾病術,魔法師,30秒,30,0
56,全部治癒術,魔法師,瞬間,30,0
58,冰雪暴,魔法師,瞬間,60,0
59,隱身術,魔法師,魔力持續時間,45,25
60,返生術,魔法師,瞬間,50,0
61,震裂術,魔法師,瞬間,40,0
63,魔法封印,魔法師,16秒,30,0
64,雷霆風暴,魔法師,瞬間,48,0
65,沉睡之霧,魔法師,1~8秒,40,0
67,聖結界,魔法師,32秒,30,0
68,集體傳送術,魔法師,瞬間,60,0
69,火風暴,魔法師,瞬間,48,0
70,藥水霜化術,魔法師,4~16秒,20,0
73,流星雨,魔法師,瞬間,60,0
78,靈魂昇華,魔法師,"1,200秒",20,0
86,衝擊之暈,騎士,4秒以下,12,0
87,增幅防禦,騎士,"1,200秒",10,0
88,尖刺盔甲,騎士,"1,200秒",10,0
89,堅固防護,騎士,180秒,5,30
90,反擊屏障,騎士,64秒,10,100
112,精準目標,王族,16秒,1,0
113,灼熱靈氣,王族,"1,200秒",30,0
115,呼喚盟友,王族,瞬間,25,0
116,勇敢靈氣,王族,"1,200秒",40,0
117,援護盟友,王族,瞬間,30,0
128,魔法防禦,妖精,"1,200秒",10,0
129,心靈轉換,妖精,瞬間,0,8
130,世界樹的呼喚,妖精,瞬間,10,0
131,三重矢,妖精,瞬間,15,0
136,淨化精神,妖精,"1,200秒",10,0
137,屬性防禦,妖精,"1,200秒",5,0
144,釋放元素,妖精,瞬間,30,0
145,魂體轉換,妖精,瞬間,0,50
146,單屬性防禦,妖精,"1,200秒",10,0
147,火焰武器,妖精,"1,200秒",20,0
148,風之神射,妖精,"1,200秒",15,0
149,風之疾走,妖精,"1,200秒",20,0
150,大地防護,妖精,"1,200秒",15,0
151,地面障礙,妖精,30秒,20,0
152,魔法消除,妖精,16秒,30,0
153,召喚屬性精靈,妖精,"3,600秒",20,0
154,舞躍之火,妖精,"1,200秒",30,0
155,暴風之眼,妖精,"1,200秒",40,0
156,大地屏障,妖精,8秒以下,50,0
157,生命之泉,妖精,瞬間,50,0
158,大地的祝福,妖精,"1,200秒",35,0
160,封印禁地,妖精,1~8秒,40,0
161,召喚強力屬性精靈,妖精,"3,600秒",20,0
162,烈炎武器,妖精,"1,200秒",30,0
163,生命的祝福,妖精,瞬間,30,0
165,暴風神射,妖精,"1,200秒",30,0
167,鋼鐵防護,妖精,"1,200秒",30,0
169,水之元氣,妖精,64秒,20,0
172,污濁之水,妖精,4~16秒,20,0
173,精準射擊,妖精,4~12秒,30,0
174,烈焰之魂,妖精,128秒,30,0
