id,name,category,options
1,아탐,둔기,근거리 명중 +2
2,일본도,한손검,근거리 명중 +1
3,장검,한손검,
4,도끼,둔기,
5,등잔,기타,
6,양손검,양손검,양손
7,아데나,기타,
8,철퇴,둔기,
9,괴물 눈 고기,기타,
10,고기,기타,
11,활,활,양손
12,창,창,
13,전투 도끼,둔기,양손
14,빨간 물약,물약,회복량 6 ~ 27
15,주홍 물약,물약,회복량 26 ~ 68
16,불투명 물약,물약,
17,초록 물약,물약,지속시간 +300초
19,소나무 막대,기타,
20,단풍나무 막대,기타,지속시간 +7200초
21,흑단 막대,기타,
22,확인 주문서,주문서,
23,순간이동 주문서,주문서,
24,저주 풀기 주문서,주문서,
25,무기 마법 주문서,주문서,
26,갑옷 마법 주문서,주문서,
28,부활 주문서,주문서,
29,화살,활,
31,바르디쉐,창,양손
32,빌귀사름,창,양손
33,요정족 활,활,양손 / 원거리 대미지 +1
34,오크족 활,활,양손 / 원거리 대미지 -1
35,넓은 검,한손검,
36,양초,기타,
37,당근,기타,
38,몽둥이,둔기,
39,요정족 단검,한손검,근거리 명중 +2
40,오크족 단검,한손검,근거리 명중 +2
41,단검,한손검,근거리 명중 +2
42,벡드코빈,창,양손 / 관통 효과
43,달걀,기타,
44,포챠드,창,양손
45,도리깨,둔기,
46,넓은 창,창,양손
47,귀사름,창,양손
48,미늘창,창,양손
52,금빛 열쇠,기타,
53,은회색 열쇠,기타,
54,기병창,창,
55,레몬,기타,
56,루선해머,창,양손
57,워해머,둔기,양손
58,모닝스타,둔기,
59,오렌지,기타,
60,팬케익,기타,
61,파르티잔,창,
64,순간이동 조종 반지,반지,
65,변신 조종 반지,반지,
67,언월도,한손검,
68,은 화살,활,
69,난쟁이족 도끼,둔기,양손
70,요정족 창,창,
71,오크족 창,창,
72,난쟁이족 검,한손검,
73,요정족 검,한손검,
74,오크족 검,한손검,
75,짧은 검,한손검,
77,삼지창,창,
78,싸울아비 장검,한손검,근거리 명중 +5
81,장궁,활,양손 / 원거리 대미지 +3
82,사과,기타,
83,바나나,기타,
86,엘븐 와퍼,물약,지속시간 +480초
87,요정족 가죽 투구,투구,
88,오크족 투구,투구,
89,난쟁이족 철 투구,투구,
90,투구,투구,
91,판금 갑옷,갑옷,
92,수정 갑옷,갑옷,
93,청동 판금 갑옷,갑옷,
94,미늘 갑옷,갑옷,
95,띠 갑옷,갑옷,
96,사슬 갑옷,갑옷,
97,오크족 사슬 갑옷,갑옷,
98,비늘 갑옷,갑옷,
99,징박힌 가죽 갑옷,갑옷,
100,고리 갑옷,갑옷,
101,오크족 고리 갑옷,갑옷,
102,가죽 갑옷,갑옷,
103,가죽 재킷,갑옷,
104,티셔츠,티셔츠,
105,요정족 망토,망토,요정 착용 시 HP회복 보너스 +1
106,오크족 망토,망토,
107,난쟁이족 망토,망토,
109,보호 망토,망토,
110,투명 망토,망토,
111,마법 망토,망토,MR +10
113,작은 방패,방패,
114,요정족 방패,방패,요정 착용 시 MR 보너스 +5
115,우럭하이 방패,방패,
117,큰 방패,방패,
118,난쟁이족 둥근 방패,방패,
119,반사 방패,방패,반사 효과
120,짧은 부츠,부츠,
121,셸로브 발톱,기타,
123,붉은 기사의 검,한손검,STR +1
124,글루디오 영지행 배표,기타,
125,말하는 섬행 배표,기타,
126,비취 물약,물약,
127,랜턴,기타,
128,부츠,부츠,
129,장갑,장갑,
130,맑은 물약,물약,회복량 44 ~ 107
131,랜턴용 기름,기타,
138,대형 도끼,둔기,양손
140,기사의 면갑,투구,
141,그라디우스,한손검,
142,악운의 단검,한손검,근거리 명중 +2
144,광전사의 도끼,둔기,양손 / 헤이스트효과
145,에바의 방패,방패,헤이스트효과 / 최대 HP +20
155,사각 방패,방패,
157,아투바의 토템,기타,
158,네루가의 토템,기타,
159,두다-마라의 토템,기타,
160,간디의 토템,기타,
161,로바의 토템,기타,
162,귀환 주문서,주문서,
164,마법서 (힐),마법서,
166,마력의 돌,기타,
167,사슬 갑옷,갑옷,MR +4
168,다이아몬드,기타,
169,고급 다이아몬드,기타,
170,최고급 다이아몬드,기타,
171,에메랄드,기타,
172,고급 에메랄드,기타,
173,최고급 에메랄드,기타,
174,루비,기타,
175,고급 루비,기타,
176,최고급 루비,기타,
177,사파이어,기타,
178,고급 사파이어,기타,
179,최고급 사파이어,기타,
180,마법서 (라이트),마법서,
181,마법서 (실드),마법서,
182,마법서 (에너지 볼트),마법서,
183,마법서 (텔레포트),마법서,
184,마법서 (큐어 포이즌),마법서,
185,마법서 (칠 터치),마법서,
186,마법서 (커스: 포이즌),마법서,
187,마법서 (인챈트 웨폰),마법서,
188,마법서 (디텍션),마법서,
189,마법서 (라이트닝),마법서,
190,마법서 (턴 언데드),마법서,
191,마법서 (익스트라 힐),마법서,
192,마법서 (커스: 블라인드),마법서,
193,마법서 (블레스드 아머),마법서,
194,마법서 (파이어볼),마법서,
195,마법서 (인챈트 덱스터리티),마법서,
196,마법서 (웨폰 브레이크),마법서,
197,마법서 (뱀파이어릭 터치),마법서,
198,마법서 (슬로우),마법서,
199,마법서 (커스: 패럴라이즈),마법서,
200,마법서 (콜 라이트닝),마법서,
201,마법서 (그레이터 힐),마법서,
202,마법서 (테이밍 몬스터),마법서,
203,마법서 (리무브 커스),마법서,
204,마법서 (크리에이트 좀비),마법서,
205,마법서 (인챈트 마이티),마법서,
206,마법서 (헤이스트),마법서,
207,마법서 (캔슬레이션),마법서,
208,마법서 (이럽션),마법서,
209,마법서 (힐 올),마법서,
210,마법서 (아이스 랜스),마법서,
211,마법서 (서먼 몬스터),마법서,
212,마법서 (홀리 워크),마법서,
213,마법서 (토네이도),마법서,
214,마법서 (풀 힐),마법서,
216,마법서 (블리자드),마법서,
217,마법서 (인비지블리티),마법서,
218,마법서 (리절렉션),마법서,
219,마법서 (라이트닝 스톰),마법서,
220,마법서 (포그 오브 슬리핑),마법서,
222,마법서 (이뮨 투 함),마법서,
223,마법서 (매스 텔레포트),마법서,
225,마법서 (미티어 스트라이크),마법서,
229,투구,투구,MR +4
230,참나무 지팡이,지팡이,
231,마법사의 지팡이,지팡이,
232,마력의 지팡이,지팡이,SP +1
233,힘의 지팡이,지팡이,STR +3 / 근거리 대미지 +3 / SP -2
234,무명 로브,갑옷,MR +4
235,다마스커스 검,한손검,
243,편지지,기타,
244,작은 활,활,양손 / 원거리 대미지 -1
245,판의 갈기털,기타,
246,미스릴 원석,기타,
247,정령의 돌,기타,
248,엔트의 줄기,물약,
249,버섯포자의 즙,기타,
250,오우거의 피,기타,
251,실,기타,
252,미스릴,기타,
253,페어리 더스트,기타,
254,아라크네의 거미줄,기타,
255,엔트의 껍질,기타,
256,오리하루콘,기타,
257,미스릴 실,기타,
258,미스릴 화살,활,
259,아라크네의 허물,기타,
260,활 골무,장갑,원거리 명중 +2
261,페어리의 날개,주문서,
262,마법의 플룻,기타,
263,나무방패,방패,
264,미스릴 판금,기타,
265,오리하루콘 판금,기타,
266,나무 갑옷,갑옷,
267,요정족 흉갑,갑옷,
268,판의 뿔,창,
269,크로스 보우,활,원거리 명중 +3 / 양손 / 원거리 대미지 +2
270,단검신,한손검,
271,장검신,한손검,
272,오리하루콘 검신,한손검,
273,요정족 판금 갑옷,갑옷,
274,레이피어,한손검,
275,엘름의 축복,투구,DEX +1
276,미스릴 도금 뿔,창,
277,오리하루콘 도금 뿔,창,
278,메일 브레이커,한손검,근거리 명중 +10
279,엔트의 열매,물약,회복량 44 ~ 107
280,파워 글로브,장갑,STR +2
281,요정족 사슬 갑옷,갑옷,
283,나무 줄기 옷,갑옷,
289,은기사의 방패,방패,MR +4
291,마법의 투구: 치유,투구,
292,마법의 투구: 신속,투구,
293,마법의 투구: 힘,투구,
296,용기의 물약,물약,지속시간 +300초
297,지혜의 물약,,지속시간 +300초 / SP +2
299,변신 주문서,주문서,지속시간 +1200초
306,완력의 목걸이,목걸이,STR +1
307,민첩의 목걸이,목걸이,DEX +1
308,체력의 목걸이,목걸이,CON +1
309,지식의 목걸이,목걸이,INT +1
310,지혜의 목걸이,목걸이,WIS +1
311,매력의 목걸이,목걸이,CHA +1
314,오크 투사의 목걸이,목걸이,최대 HP +20
317,가죽모자,투구,
318,징박은 가죽모자,투구,
319,가죽투구,투구,
320,해골투구,투구,
321,가죽샌달,부츠,
322,징박은 가죽샌달,부츠,
323,가죽부츠,부츠,
324,가죽방패,방패,
325,징박은 가죽방패,방패,
326,골각방패,방패,
327,가죽조끼,갑옷,
328,벨트달린 가죽조끼,갑옷,
329,징박은 가죽조끼,갑옷,
330,중갑가죽조끼,갑옷,
331,뼈갑옷,갑옷,
332,동물가죽,기타,
333,철괴,기타,
334,벨트,기타,
335,고급피혁,기타,
336,뼈조각,기타,
337,대검,양손검,양손
342,마나의 지팡이,지팡이,근거리 명중 -3 / 마나 흡수
343,펫 호루라기,기타,
348,숫돌,기타,
357,혈맹 편지지,기타,
358,은장검,한손검,
359,은검,한손검,
360,은도끼,둔기,양손
361,펫 목걸이,기타,
362,사탕,기타,
365,강철 장갑,장갑,
366,강철 면갑,투구,
367,강철 방패,방패,
368,강철 부츠,부츠,
369,강철 판금 갑옷,갑옷,
376,파란 옷감,기타,
378,붉은 옷감,기타,
379,하얀 옷감,기타,
382,강철 원석,기타,
385,마법사 모자,투구,
386,마법사 옷,갑옷,
388,사냥꾼 활,활,원거리 명중 +5 / 양손 / 원거리 대미지 +1
403,수룡 비늘 갑옷,갑옷,물 속성 저항력 증가 +20
404,지룡 비늘 갑옷,갑옷,땅 속성 저항력 증가 +20
405,화룡 비늘 갑옷,갑옷,불 속성 저항력 증가 +20
406,풍룡 비늘 갑옷,갑옷,바람 속성 저항력 증가 +20
407,수룡 비늘,기타,
408,지룡 비늘,기타,
409,화룡 비늘,기타,
410,풍룡 비늘,기타,
415,빈 주문서(레벨 1),주문서,
417,에바의 축복,물약,지속시간 +1800초
418,인어의 비늘,물약,지속시간 +600초
429,아시타지오의 재,기타,
492,파란 물약,물약,
495,강화 초록 물약,물약,지속시간 +1800초
496,항마의 반지,반지,MR +5
497,멸마의 반지,반지,MR +10
498,화령의 반지,반지,불 속성 저항력 증가 +10
499,수령의 반지,반지,물 속성 저항력 증가 +10
500,지령의 반지,반지,땅 속성 저항력 증가 +10
501,풍령의 반지,반지,바람 속성 저항력 증가 +10
502,낡은 신체의 벨트,벨트,최대 HP +30
503,낡은 정신의 벨트,벨트,최대 MP +30
504,낡은 영혼의 벨트,벨트,최대 MP +15 / 최대 HP +15
505,신체의 벨트,벨트,최대 HP +50
506,정신의 벨트,벨트,최대 MP +50
507,영혼의 벨트,벨트,최대 MP +25 / 최대 HP +25
508,낡은 완력의 목걸이,목걸이,DEX -2 / STR +1
509,낡은 민첩의 목걸이,목걸이,DEX +1 / CON -2
510,낡은 체력의 목걸이,목걸이,STR -2 / CON +1
511,낡은 지식의 목걸이,목걸이,INT +1 / WIS -2
512,낡은 지혜의 목걸이,목걸이,CHA -2 / WIS +1
513,낡은 매력의 목걸이,목걸이,CHA +1 / INT -2
515,마법서 (아이스 대거),마법서,
516,마법서 (윈드 커터),마법서,
517,마법서 (파이어 애로우),마법서,
518,마법서 (스탈락),마법서,
519,마법서 (프로즌 클라우드),마법서,
520,마법서 (어스 재일),마법서,
521,마법서 (콘 오브 콜드),마법서,
522,마법서 (선 버스트),마법서,
523,마법서 (그레이터 헤이스트),마법서,
524,마법서 (어스 퀘이크),마법서,
525,마법서 (파이어 스톰),마법서,
545,돌 장갑,장갑,대미지 감소 +1
547,수정 장갑,장갑,
551,수중 부츠,부츠,수중 호흡 가능 / MP회복 +1
556,데스나이트의 장갑,장갑,
557,데스나이트의 갑옷,갑옷,
558,데스나이트의 부츠,부츠,
559,데스나이트의 투구,투구,
565,트롤의 벨트,벨트,무게추가 +500
566,오우거의 벨트,벨트,무게추가 +1000
567,타이탄의 벨트,벨트,무게추가 +1500
568,사이하의 활,활,양손 / 원거리 대미지 +5 / 발동 : 장착된 화살이 없을 경우 무형 화살 사용 / 원거리 명중 +2
569,정령옥,기타,
570,정령의 수정 (레지스트 매직),마법서,
571,정령의 수정 (바디 투 마인드),마법서,
572,정령의 수정 (텔레포트 투 마더),마법서,
573,정령의 수정 (클리어 마인드),마법서,
574,정령의 수정 (레지스트 엘리멘트),마법서,
575,정령의 수정 (리턴 투 네이처),마법서,
576,정령의 수정 (블러드 투 소울),마법서,
577,정령의 수정 (프로텍션 프롬 엘리멘트),마법서,
578,정령의 수정 (파이어 웨폰),마법서,
579,정령의 수정 (윈드 샷),마법서,
580,정령의 수정 (윈드 워크),마법서,
581,정령의 수정 (어스 스킨),마법서,
582,정령의 수정 (인탱글),마법서,
583,정령의 수정 (이레이즈 매직),마법서,
584,정령의 수정 (서먼 레서 엘리멘탈),마법서,
585,정령의 수정 (브레스 오브 파이어),마법서,
586,정령의 수정 (아이 오브 스톰),마법서,
587,정령의 수정 (어스 바인드),마법서,
588,정령의 수정 (네이쳐스 터치),마법서,
589,정령의 수정 (블레스 오브 어스),마법서,
590,정령의 수정 (에어리어 오브 사일런스),마법서,
591,정령의 수정 (서먼 그레이터 엘리멘탈),마법서,
592,정령의 수정 (버닝 웨폰),마법서,
593,정령의 수정 (네이쳐스 블레싱),마법서,
595,정령의 수정 (스톰 샷),마법서,
597,정령의 수정 (아이언 스킨),마법서,
598,마법서 (홀리 웨폰),마법서,
599,마법서 (디크리즈 웨이트),마법서,
600,마법서 (위크 엘리멘탈),마법서,
601,마법서 (카운터 매직),마법서,
602,마법서 (메디테이션),마법서,
603,마법서 (마나 드레인),마법서,
604,마법서 (다크니스),마법서,
605,마법서 (위크니스),마법서,
606,마법서 (블레스 웨폰),마법서,
607,마법서 (버서커스),마법서,
608,마법서 (디지즈),마법서,
610,마법서 (사일런스),마법서,
620,빈 주문서(레벨 2),주문서,
621,빈 주문서(레벨 3),주문서,
622,빈 주문서(레벨 4),주문서,
631,민첩함의 투구,투구,DEX +1
632,체력의 투구,투구,CON +1
633,낡은 거래 문서,기타,
636,수색문서,기타,
639,흑기사의 서약서,기타,
640,두다 마라 오크 마법서,기타,
641,네루가 오크 마법서,기타,
642,간디 오크 마법서,기타,
643,아투바 오크 마법서,기타,
644,저주받은 마법서,방패,
645,마력서,방패,INT +1
646,붉은 망토,망토,CHA +1
647,해골의 두개골,기타,
648,구울의 손톱,기타,
649,구울의 이빨,기타,
650,터틀 드래곤의 껍질,기타,
651,기사의 두건,투구,
652,붉은 기사의 두건,투구,
654,잊혀진 판금 갑옷,갑옷,
655,잊혀진 가죽 갑옷,갑옷,
656,잊혀진 로브,갑옷,
657,잊혀진 비늘 갑옷,갑옷,
658,소환 조종 반지,반지,
659,잊혀진 대검,양손검,근거리 명중 +3 / 양손
660,잊혀진 검,한손검,근거리 명중 +5
661,잊혀진 보우건,활,양손
666,붉은 기사의 방패,방패,반사 효과
667,고대의 판금 갑옷,갑옷,HP회복 +1
668,고대의 가죽 갑옷,갑옷,HP회복 +3 / MP회복 +5
669,고대의 로브,갑옷,MP회복 +8
670,고대의 비늘 갑옷,갑옷,HP회복 +5 / MP회복 +3
671,고대의 대검,양손검,양손 / 근거리 명중 +7
672,고대의 검,한손검,근거리 명중 +9
673,고대의 보우건,활,원거리 명중 +5 / 원거리 대미지 +2
674,고대의 주문서,기타,
675,마법서 (트루 타겟),마법서,
676,마법서 (글로잉 오라),마법서,
677,생명의 비밀,기타,
686,라미아의 비늘,기타,
687,환생의 물약,기타,
688,감사의 편지,기타,
689,마을 주민들의 유품,기타,
690,언데드의 뼈,기타,
693,저주 받은 정령서,기타,
694,언데드의 열쇠,기타,
695,좀비 열쇠,기타,
696,해골 열쇠,기타,
705,요정족 티셔츠,티셔츠,
706,군주의 위엄,망토,DEX +1 / STR +1 / CHA +1 / INT +1 / CON +1 / WIS +1
707,비밀방 열쇠,기타,
709,신비한 수정구,기타,
710,신비한 지팡이,기타,
711,수정 지팡이,지팡이,MP회복 +10
712,라미아 방 열쇠,기타,
713,마법서 (콜 클랜),마법서,
722,반왕의 갑옷,갑옷,
723,반왕의 부츠,부츠,
724,반왕의 건틀릿,장갑,
725,반왕의 투구,투구,
727,케레니스의 부츠,부츠,
732,케레니스의 서클릿,투구,
734,케레니스의 장갑,장갑,
735,케레니스의 로브,갑옷,
742,메두사 방패,방패,반사 효과 / MR +5
744,에이션트 자이언트의 반지,벨트,STR +1
756,수호자의 반지,반지,최대 MP +20 / 최대 HP +30
768,보호 장갑,장갑,최대 MP +10 / 최대 HP +20
769,마나 망토,망토,MP회복 +5
770,용기의 벨트,벨트,최대 HP +30
776,결혼 반지,기타,
787,데스 블레이드,한손검,
788,마나 수정구,방패,INT +1 / 최대 MP +100
789,화염의 활,활,양손 / 원거리 대미지 +4 / 발동 : 파이어 애로우 / 원거리 명중 +2
790,화염의 검,한손검,근거리 명중 +4
791,황금 지휘봉,한손검,근거리 명중 +1
806,혈맹 귀환 주문서,주문서,
815,제니스의 반지,반지,독 이뮨 효과
895,엘릭서(STR),,
896,엘릭서(DEX),,
897,엘릭서(CON),,
898,엘릭서(INT),,
899,엘릭서(WIS),,
900,엘릭서(CHA),,
927,검은 혈흔,기타,
935,빛나는 비늘,기타,
936,빛나는 신체의 벨트,벨트,HP회복 +1 / 최대 HP +50
937,빛나는 정신의 벨트,벨트,MP회복 +1 / 최대 MP +50
938,빛나는 영혼의 벨트,벨트,HP회복 +1 / 최대 MP +20 / MP회복 +1 / 최대 HP +20
978,흑장로의 로브,갑옷,최대 MP +50 / MP회복 +5
979,흑장로의 샌달,부츠,최대 MP +25 / MP회복 +5
980,발터자르의 모자,투구,MP회복 +5
981,카스파의 모자,투구,최대 MP +25
982,메르키오르의 모자,투구,INT +1
983,세마의 모자,투구,최대 MP +15 / MP회복 +2
1007,커츠의 장갑,장갑,
1008,커츠의 갑옷,갑옷,
1009,커츠의 부츠,부츠,
1010,커츠의 투구,투구,
1094,얼음 여왕의 지팡이,지팡이,근거리 명중 +3 / 발동 : 콘 오브 콜드
1095,데몬의 지팡이,지팡이,SP +5
1096,바포메트의 지팡이,지팡이,근거리 대미지 +5 / 발동 : 이럽션 / 근거리 명중 +7
1097,베레스의 지팡이,지팡이,MP회복 +10 / SP +2
1221,마법서 (브레이브 오라),마법서,
1285,크림슨 랜스,창,근거리 명중 +1 / 양손 / 최대 HP +50
1294,기술서 (쇼크 스턴),마법서,
1295,마법서 (런 클랜),마법서,
1296,정령의 수정 (트리플 애로우),마법서,
1408,악마의 피,물약,지속시간 +600초
1489,바다의 망토,망토,CHA +1
1490,마법서 (디케이 포션),마법서,
1491,마법서 (어드밴스 스피릿),마법서,
1492,기술서 (카운터 배리어),마법서,
1493,정령의 수정 (워터 라이프),마법서,
1494,정령의 수정 (폴루트 워터),마법서,
1495,정령의 수정 (스트라이커 게일),마법서,
1496,정령의 수정 (소울 오브 프레임),마법서,
1861,기술서 (리덕션 아머),마법서,
1862,기술서 (바운스 어택),마법서,
1863,기술서 (솔리드 캐리지),마법서,
2069,달빛의 정기,기타,
2070,신성한 유니콘의 뿔,기타,
2072,달의 장궁,활,원거리 명중 +3 / 발동 : 문라이트 이럽션 / 양손 / 원거리 대미지 +4
2586,날이 빠진 무기,,
2671,픽시의 깃털,기타,
3018,천사의 지팡이,지팡이,발동 : 턴 언데드 / INT +1 / MP회복 +4
3019,혹한의 창,창,근거리 대미지 +1 / 발동 : 콜드 체이서
3020,뇌신검,한손검,근거리 명중 +1 / 근거리 대미지 +1 / 발동 : 일렉트릭 쇼크
3350,속죄의 성서,기타,
3934,불 정령의 벨트,벨트,무게추가 +500 / 불 속성 저항력 증가 +10
3935,물 정령의 벨트,벨트,무게추가 +500 / 물 속성 저항력 증가 +10
3936,땅 정령의 벨트,벨트,무게추가 +500 / 땅 속성 저항력 증가 +10
3937,바람 정령의 벨트,벨트,무게추가 +500 / 바람 속성 저항력 증가 +10
4052,봉인 해제 주문서,주문서,
12069,회상의 촛불,,
12070,회상의 촛불,,
12074,속죄의 성서 상자,기타,
12104,봉인 해제 주문서 상자,기타,
12105,종이 전령새,기타,
12106,종이 전령새 상자,기타,
12110,도난당한 목걸이,기타,
12111,도난당한 반지,기타,
12112,사이클롭스의 피,기타,
12113,오염된 정령의 수정(물),기타,
12114,오염된 정령의 수정(불),기타,
12115,오염된 정령의 수정(땅),기타,
12116,오염된 정령의 수정(바람),기타,
12117,바실리스크의 비늘,기타,
12118,정화의 머리띠,투구,
12119,신비한 마나 회복 물약,기타,
12120,신비한 지혜의 물약,기타,
12121,서큐버스 퀸의 신비한 지팡이,기타,
12130,말하는 섬의 추억,기타,
12149,수호의 반지,반지,
12170,수호의 목걸이,목걸이,
12209,수호의 벨트,벨트,무게추가 +400
12242,장로의 목걸이,목걸이,최대 MP +30 / MP회복 +1
12243,장로의 반지,반지,최대 MP +10 / MP회복 +1
12286,항마의 목걸이,목걸이,MR +5
12287,항마의 벨트,벨트,무게추가 +400
12349,신의의 부츠,부츠,CHA +1
12350,용기의 부츠,부츠,근거리 명중 +1
12351,세피아의 부츠,부츠,원거리 명중 +1
12352,마나의 부츠,부츠,MP회복 +2
12405,마나의 반지,반지,MP회복 +1
12456,잊혀진 섬의 추억,기타,
12458,케플리샤의 기억 저장 구슬,기타,
12514,낡은 수렵꾼의 화살통,기타,화살 소지 무게 감소 300
12531,낡은 가죽 화살통,기타,화살 소지 무게 감소 150
12557,안타라스의 기억,기타,땅 속성 저항력 증가 +5
12860,지식의 반지,반지,INT +1
12875,엘릭서 선택 상자,기타,
12876,퓨어 엘릭서,기타,
15090,멸마의 목걸이,목걸이,MR +8
15091,멸마의 벨트,벨트,무게추가 +500
15384,완력의 반지,반지,STR +1
15385,민첩의 반지,반지,DEX +1
15399,시어의 심안,방패,INT +1 / 반사 효과 / MP회복 +2 / 최대 MP +100
15400,오만의 탑 1층 이동 주문서,주문서,
15410,오만의 탑 11층 이동 주문서,주문서,
15420,오만의 탑 1층 이동 부적,기타,
15430,오만의 탑 11층 이동 부적,기타,
15456,봉인된 오만의 탑 1층 이동 부적,기타,
15457,봉인된 오만의 탑 11층 이동 부적,기타,
