id,name,level,form,regions,drops
535,말미잘,1,,에바왕국,
536,말미잘,1,,에바왕국,
723,얼음 여왕,1,,얼음 수정 동굴 3층,
0,오크,2,,말하는 섬 / 말하는 섬 / 말하는 섬 던전 1층 / 사막 던전 1층 / 은기사 지역 / 글루디오 / 요정 숲 / 켄트 / 아덴 대륙 / 글루디오 던전 1층,오크족 검 / 오크족 고리 갑옷 / 동물가죽 / 아데나 / 오크족 단검 / 오크족 투구 / 오크족 창
156,오크,2,,요정숲 던전 1층 / 요정 숲 / 아덴 대륙,소나무 막대 / 저주받은오크족 고리 갑옷 / 사파이어 / 정령옥 / 오크족 투구 / 미스릴 원석 / 저주받은오크족 단검 / 오크족 검 / 오크족 고리 갑옷 / 변신 주문서 / 오크족 단검 / 단풍나무 막대 / 화살 / 저주받은오크족 투구 / 오크족 창
245,고블린,2,,말하는 섬 / 말하는 섬 / 은기사 지역 / 글루디오 / 켄트 / 기란 / 아덴 대륙,빨간 물약 / 짧은 부츠 / 아데나 / 넓은 검 / 투구 / 몽둥이
521,물고기,2,,에바왕국,
522,물고기,2,,에바왕국,
523,물고기,2,,에바왕국,
524,물고기,2,,에바왕국,
525,물고기,2,,에바왕국,
1,오크 궁수,3,,말하는 섬 / 말하는 섬 / 은기사 지역 / 오크 숲 / 글루디오 / 윈다우드 / 켄트 / 아덴 대륙 / 글루디오 던전 1층,오크족 고리 갑옷 / 오크족 망토 / 동물가죽 / 아데나 / 오크족 투구 / 오크족 활 / 오크족 사슬 갑옷
147,오크 궁수,3,,요정숲 던전 1층 / 요정 숲 / 아덴 대륙,오크족 망토 / 저주받은오크족 고리 갑옷 / 정령옥 / 저주받은오크족 활 / 오크족 투구 / 은 화살 / 오크족 사슬 갑옷 / 빨간 물약 / 오크족 고리 갑옷 / 변신 주문서 / 저주받은오크족 사슬 갑옷 / 화살 / 비취 물약 / 오크족 활
249,코볼트,3,,말하는 섬 / 말하는 섬 / 은기사 지역 / 글루디오 / 켄트 / 아덴 대륙,짧은 부츠 / 동물가죽 / 불투명 물약 / 아데나 / 몽둥이
2381,오염된 딥플라워,3,,오염된 축복의 땅,아데나
2384,오염된 땅의 정기,3,,오염된 축복의 땅,아데나
2388,오염된 인간 투사,3,,오염된 축복의 땅,아데나
2396,오염된 오크,3,,오염된 축복의 땅,아데나
144,펑거스,4,,요정숲 던전 2층 / 요정숲 던전 3층 / 요정 숲 / 켄트 / 아덴 대륙 / 얼음 수정 동굴 1층 / 얼음 수정 동굴 2층,버섯포자의 즙
155,늑대,4,,요정 숲 / 아덴 대륙,정령옥 / 화살
293,아이들론,4,,기란 / 아덴 대륙,동물가죽 / 아데나
294,그렘린,4,,윈다우드 / 켄트 / 기란 / 아덴 대륙,에메랄드 / 사파이어 / 루비 / 다이아몬드
4,난쟁이,5,,말하는 섬 / 말하는 섬 / 은기사 지역 / 글루디오 / 켄트 / 용의 계곡 / 기란 / 아덴 대륙,난쟁이족 검 / 난쟁이족 망토 / 미스릴 / 난쟁이족 철 투구 / 변신 주문서 / 아데나 / 난쟁이족 둥근 방패 / 철괴
145,브롭,5,,요정숲 던전 2층 / 요정숲 던전 3층 / 사막 던전 2층,
163,난쟁이,5,,요정 숲 / 아덴 대륙,빨간 물약 / 불투명 물약 / 마력의 돌 / 정령옥 / 철괴 / 미스릴 원석 / 은 화살
176,세인트버나드,5,,국경 요새 / 오렌 / 아덴 대륙,고기 / 동물가죽 / 아데나
178,콜리,5,,국경 요새 / 오렌 / 아덴 대륙,아데나
179,세퍼드,5,,말하는 섬 / 말하는 섬 / 글루디오 / 윈다우드 / 켄트 / 아덴 대륙,고기 / 동물가죽 / 아데나
180,비글,5,,글루디오 / 윈다우드 / 켄트 / 아덴 대륙,고기 / 동물가죽 / 아데나
295,임프,5,,켄트 / 기란 / 아덴 대륙,동물가죽 / 아데나
465,여우,5,,오렌 / 아덴 대륙,아데나
516,곰,5,,오렌 / 아덴 대륙,아데나
706,허스키,5,,국경 요새 / 오렌 / 아덴 대륙,아데나
1387,열혈토끼,5,,오렌 / 아덴 대륙,
1388,고양이,5,,엘모어 격전지 / 황혼의 산맥 / 아덴 대륙,
2214,라쿤,5,,오렌 설벽 / 황혼의 산맥 / 아덴 대륙,
9,늑대,6,,말하는 섬 / 말하는 섬 / 은기사 지역 / 오크 숲 / 글루디오 / 윈다우드 / 켄트 / 용의 계곡 / 아덴 대륙,고기 / 동물가죽
27,좀비,6,언데드,말하는 섬 / 말하는 섬 / 말하는 섬 던전 1층 / 말하는 섬 던전 2층 / 사막 던전 1층 / 사막 던전 2층 / 엘모어 격전지 / 은기사 지역 / 글루디오 / 오렌 / 아덴 대륙 / 글루디오 던전 1층 / 글루디오 던전 2층 / 글루디오 던전 3층 / 글루디오 던전 4층 / 윈다우드 성 던전 1층,부활 주문서 / 아데나 / 축복받은순간이동 주문서 / 마법서 (뱀파이어릭 터치) / 마법서 (다크니스)
164,좀비,6,언데드,요정숲 던전 1층 / 요정 숲 / 아덴 대륙,순간이동 주문서 / 부활 주문서 / 정령옥 / 화살 / 마법서 (뱀파이어릭 터치) / 미스릴 원석 / 정령의 수정 (블러드 투 소울)
177,도베르만,6,,말하는 섬 / 말하는 섬 / 글루디오 / 윈다우드 / 켄트 / 아덴 대륙,고기 / 동물가죽 / 아데나
190,멧돼지,6,,말하는 섬 / 말하는 섬 / 은기사 지역 / 오크 숲 / 글루디오 / 윈다우드 / 요정 숲 / 켄트 / 아덴 대륙,고기 / 동물가죽 / 아데나
296,임프 장로,6,,켄트 / 기란 / 아덴 대륙,에메랄드 / 고급피혁 / 동물가죽 / 아데나 / 마력의 돌 / 파란 물약 / 마법서 (어스 재일)
2382,오염된 물의 정령,6,,오염된 축복의 땅,아데나
2389,오염된 인간 도끼병,6,,오염된 축복의 땅,아데나
2393,오염된 엔트,6,,오염된 축복의 땅,아데나
2397,오염된 오크 도끼병,6,,오염된 축복의 땅,아데나
11,괴물 눈,7,,말하는 섬 / 말하는 섬 / 말하는 섬 던전 1층 / 말하는 섬 던전 2층 / 사막 던전 1층 / 윈다우드 / 아덴 대륙 / 글루디오 던전 6층,괴물 눈 고기 / 마력의 돌
2,오크 전사,8,,말하는 섬 / 말하는 섬 / 말하는 섬 던전 1층 / 사막 던전 1층 / 은기사 지역 / 오크 숲 / 글루디오 / 윈다우드 / 켄트 / 아덴 대륙 / 글루디오 던전 1층,저주받은우럭하이 방패 / 오크족 고리 갑옷 / 오크족 망토 / 등잔 / 아데나 / 저주받은오크족 사슬 갑옷 / 사슬 갑옷 / 우럭하이 방패 / 오크족 투구 / 오크족 사슬 갑옷
64,크로울링 크로,8,,글루디오 던전 6층 / 글루디오 던전 7층 / 윈다우드 성 던전 2층,파워 글로브 / 장갑 / 아데나 / 마력의 돌
148,오크 전사,8,,요정숲 던전 1층 / 요정숲 던전 2층 / 요정 숲 / 아덴 대륙,빨간 물약 / 저주받은우럭하이 방패 / 오크족 고리 갑옷 / 오크족 망토 / 등잔 / 정령옥 / 화살 / 사슬 갑옷 / 우럭하이 방패 / 오크족 투구 / 오크족 사슬 갑옷
459,놀,8,,은기사 지역 / 아덴 대륙,에메랄드 / 아데나 / 사파이어 / 마력의 돌 / 루비 / 랜턴 / 다이아몬드
512,실라칸스,8,,에바왕국,아데나
8,늑대인간,9,,말하는 섬 / 말하는 섬 / 말하는 섬 던전 1층 / 말하는 섬 던전 2층 / 사막 던전 1층 / 은기사 지역 / 오크 숲 / 글루디오 / 윈다우드 / 켄트 / 용의 계곡 / 기란 / 아덴 대륙,장검 / 저주받은사슬 갑옷 / 마법서 (인챈트 덱스터리티) / 저주받은징박힌 가죽 갑옷 / 철퇴 / 저주받은짧은 부츠 / 짧은 부츠 / 아데나 / 도리깨 / 저주받은비늘 갑옷 / 작은 방패 / 마법서 (뱀파이어릭 터치) / 징박힌 가죽 갑옷 / 몽둥이
154,늑대인간,9,,요정숲 던전 2층 / 요정 숲 / 아덴 대륙,장검 / 마법서 (인챈트 덱스터리티) / 비늘 갑옷 / 정령옥 / 사슬 갑옷 / 저주받은징박힌 가죽 갑옷 / 철퇴 / 저주받은짧은 부츠 / 짧은 부츠 / 불투명 물약 / 도리깨 / 화살 / 마법서 (뱀파이어릭 터치) / 징박힌 가죽 갑옷 / 몽둥이
324,난쟁이족 전사,9,,은기사 지역 / 윈다우드 / 켄트 / 용의 계곡 / 기란 / 아덴 대륙,난쟁이족 검 / 난쟁이족 망토 / 난쟁이족 철 투구 / 초록 물약 / 아데나 / 난쟁이족 도끼 / 난쟁이족 둥근 방패 / 강화 초록 물약 / 철괴
514,해파리,9,,에바왕국,아데나
515,해파리,9,,에바왕국,아데나
25,해골,10,언데드,말하는 섬 던전 2층,축복받은마법 망토 / 소나무 막대 / 초록 물약 / 아데나 / 마력의 돌 / 큰 방패 / 축복받은순간이동 주문서 / 투구 / 강화 초록 물약 / 창 / 축복받은언월도 / 은회색 열쇠
29,해골,10,언데드,말하는 섬 / 말하는 섬 / 말하는 섬 던전 1층 / 말하는 섬 던전 2층 / 사막 던전 1층 / 사막 던전 3층 / 은기사 지역 / 글루디오 / 아덴 대륙 / 글루디오 던전 1층 / 글루디오 던전 2층 / 글루디오 던전 3층 / 글루디오 던전 4층 / 글루디오 던전 5층 / 윈다우드 성 던전 1층,저주받은투구 / 초록 물약 / 마법서 (인챈트 덱스터리티) / 마력의 돌 / 저주받은마법 망토 / 해골의 두개골 / 아데나 / 언월도 / 큰 방패 / 마법 망토 / 투구 / 저주받은언월도 / 언데드의 열쇠 / 강화 초록 물약 / 뼈조각
94,간디 오크,10,,오크 숲 / 아덴 대륙,빨간 물약 / 간디 오크 마법서 / 아데나 / 마력의 돌 / 간디의 토템 / 양초
152,간디 오크,10,,요정숲 던전 2층 / 요정 숲 / 아덴 대륙,빨간 물약 / 정령옥 / 마력의 돌 / 화살 / 양초
299,오크 좀비,10,언데드,기란 던전 1층 / 기란 던전 2층 / 기란 던전 3층,오크족 고리 갑옷 / 순간이동 주문서 / 부활 주문서 / 악운의 단검 / 아데나 / 우럭하이 방패 / 오크족 투구 / 오크족 사슬 갑옷
472,악어,10,,지하 수로 1층 / 지하 수로 2층 / 지하 수로 3층 / 하이네 / 아덴 대륙,용기의 물약 / 에메랄드 / 마법서 (콜 라이트닝) / 아데나 / 마법의 투구: 치유
972,얼음 여왕의 시녀,10,,얼음 수정 동굴 3층,마법서 (매스 텔레포트) / 신비한 주머니 / 마법서 (라이트닝 스톰)
2383,오염된 불의 정령,10,,오염된 축복의 땅,아데나
2391,오염된 인간 검사,10,,오염된 축복의 땅,아데나
2394,오염된 판,10,,오염된 축복의 땅,아데나
2399,오염된 오크 전사,10,,오염된 축복의 땅,아데나
235,거대 개미,12,,윈다우드 / 아덴 대륙 / 개미굴 던전 1층 / 개미굴 던전 1층 / 개미굴 던전 1층 / 개미굴 던전 1층 / 개미굴 던전 1층 / 개미굴 던전 1층 / 개미굴 던전 1층 / 개미굴 던전 1층 / 개미굴 던전 2층,용기의 물약 / 에메랄드 / 초록 물약 / 아데나 / 축복받은순간이동 주문서 / 마법의 투구: 치유 / 강화 초록 물약
274,오크 마법사,12,,은기사 지역 / 오크 숲 / 글루디오 / 윈다우드 / 아덴 대륙,마법서 (선 버스트) / 아데나 / 마력의 돌 / 파란 물약 / 마법서 (그레이터 힐) / 힘의 지팡이 / 마법사의 지팡이 / 참나무 지팡이
276,해골궁수,12,언데드,말하는 섬 던전 1층 / 말하는 섬 던전 2층 / 사막 던전 1층 / 사막 던전 3층 / 글루디오 / 아덴 대륙 / 글루디오 던전 1층 / 글루디오 던전 2층 / 글루디오 던전 3층 / 글루디오 던전 4층 / 글루디오 던전 5층 / 글루디오 던전 6층 / 글루디오 던전 7층 / 윈다우드 성 던전 1층,초록 물약 / 아데나 / 마법서 (인챈트 덱스터리티) / 마력의 돌 / 마법 망토 / 투구 / 활 / 강화 초록 물약 / 뼈조각
500,바쿡,12,,지하 수로 1층 / 지하 수로 2층 / 지하 수로,고급 루비 / 초록 물약 / 아데나 / 투구 / 강화 초록 물약
5,돌 골렘,13,,말하는 섬 / 말하는 섬 / 은기사 지역 / 글루디오 / 윈다우드 / 켄트 / 아덴 대륙,아탐 / 아데나 / 마력의 돌 / 파란 물약 / 도리깨 / 마법서 (어스 재일) / 흑단 막대 / 미스릴 원석 / 생명의 비밀 / 도끼 / 몽둥이 / 최고급 루비
6,돌 골렘,13,,말하는 섬 던전 1층 / 말하는 섬 던전 2층 / 사막 던전 1층 / 글루디오 던전 3층,돌 장갑 / 아데나 / 마력의 돌 / 파란 물약 / 도리깨 / 마법서 (어스 재일) / 흑단 막대 / 미스릴 원석 / 도끼 / 몽둥이 / 최고급 루비
95,로바 오크,13,,오크 숲 / 아덴 대륙,초록 물약 / 아데나 / 로바의 토템 / 사슬 갑옷 / 루비 / 랜턴용 기름 / 강화 초록 물약 / 랜턴
153,로바 오크,13,,요정숲 던전 2층 / 요정 숲 / 아덴 대륙,빨간 물약 / 에메랄드 / 초록 물약 / 정령옥 / 사슬 갑옷 / 랜턴용 기름 / 랜턴
162,돌 골렘,13,,요정 숲 / 아덴 대륙,아탐 / 마력의 돌 / 정령옥 / 파란 물약 / 도리깨 / 화살 / 고급 다이아몬드 / 철퇴 / 흑단 막대 / 미스릴 원석 / 도끼 / 몽둥이
277,해골도끼병,13,언데드,말하는 섬 던전 2층 / 사막 던전 3층 / 글루디오 던전 5층 / 윈다우드 성 던전 1층,소나무 막대 / 초록 물약 / 아데나 / 마력의 돌 / 마법 망토 / 투구 / 강화 초록 물약 / 도끼 / 뼈조각
278,해골창병,13,언데드,말하는 섬 던전 2층 / 사막 던전 3층 / 글루디오 던전 2층 / 글루디오 던전 5층 / 윈다우드 성 던전 1층,초록 물약 / 아데나 / 마법서 (인챈트 덱스터리티) / 마력의 돌 / 마법 망토 / 투구 / 강화 초록 물약 / 창 / 뼈조각
2386,오염된 어둠의 정령,13,,오염된 축복의 땅,아데나
2390,오염된 인간 궁수,13,,오염된 축복의 땅,아데나
2395,오염된 아라크네,13,,오염된 축복의 땅,아데나
2398,오염된 오크 궁수,13,,오염된 축복의 땅,아데나
2402,스피리드의 소환물,13,,오염된 축복의 땅,
17,셸로브,14,,말하는 섬 / 말하는 섬 / 말하는 섬 던전 2층 / 사막 던전 1층 / 글루디오 / 켄트 / 기란 / 하이네 / 아덴 대륙 / 글루디오 던전 2층 / 글루디오 던전 4층,소나무 막대 / 마법서 (슬로우) / 초록 물약 / 아데나 / 축복받은순간이동 주문서 / 셸로브 발톱 / 강화 초록 물약 / 흑단 막대 / 마법서 (이럽션)
116,오크 스카우트,14,,오크 숲,아데나 / 랜턴
323,홉고블린,14,,은기사 지역 / 글루디오 / 윈다우드 / 켄트 / 기란 / 아덴 대륙,등잔 / 초록 물약 / 아데나 / 넓은 검 / 투구 / 철괴 / 강화 초록 물약
91,아투바 오크,15,,오크 숲 / 아덴 대륙,용기의 물약 / 다마스커스 검 / 아데나 / 우럭하이 방패 / 투구 / 청동 판금 갑옷 / 루비 / 아투바 오크 마법서 / 아투바의 토템 / 오크족 사슬 갑옷 / 오크 투사의 목걸이 / 랜턴
93,두다-마라 오크,15,,오크 숲 / 아덴 대륙,고급 루비 / 초록 물약 / 두다-마라의 토템 / 아데나 / 두다 마라 오크 마법서 / 마력의 돌 / 지혜의 물약 / 우럭하이 방패 / 투구 / 강화 초록 물약 / 오크 투사의 목걸이 / 랜턴
149,아투바 오크,15,,요정숲 던전 3층 / 요정 숲 / 아덴 대륙,다마스커스 검 / 초록 물약 / 정령옥 / 화살 / 우럭하이 방패 / 투구 / 판금 갑옷 / 강화 초록 물약 / 오크족 사슬 갑옷 / 랜턴
151,두다-마라 오크,15,,요정숲 던전 2층 / 요정 숲 / 아덴 대륙,고급 루비 / 초록 물약 / 정령옥 / 마력의 돌 / 화살 / 우럭하이 방패 / 투구 / 강화 초록 물약 / 랜턴
298,아울베어,15,,기란 던전 1층 / 기란 던전 2층 / 기란 던전 3층 / 기란 던전 4층 / 켄트 / 기란 / 하이네 / 아덴 대륙,용기의 물약 / 고급피혁 / 아데나
331,리자드맨,15,,지하 수로 1층 / 윈다우드 / 기란 / 하이네 / 아덴 대륙,순간이동 주문서 / 초록 물약 / 아데나 / 사파이어 / 큰 방패 / 은검 / 투구 / 강화 초록 물약
506,혈거인간,15,,지하 수로 1층,미늘 갑옷 / 대형 도끼 / 아데나 / 전투 도끼 / 축복받은순간이동 주문서
568,혈거인간,15,,하이네 / 아덴 대륙,미늘 갑옷 / 대형 도끼 / 아데나 / 전투 도끼 / 축복받은순간이동 주문서
15,흑기사,16,,말하는 섬 / 은기사 지역 / 아덴 대륙,에메랄드 / 축복받은기병창 / 사파이어 / 파란 물약 / 낡은 거래 문서 / 루비 / 청동 판금 갑옷 / 티셔츠 / 파르티잔 / 다이아몬드 / 짧은 부츠 / 용기의 물약 / 흑기사의 서약서 / 삼지창 / 아데나 / 보호 망토 / 부츠 / 투구 / 양손검 / 축복받은미늘창
28,구울,16,언데드,요정숲 던전 3층 / 사막 던전 2층 / 사막 던전 3층 / 기란 던전 1층 / 기란 던전 2층 / 엘모어 격전지 / 은기사 지역 / 오크 숲 / 글루디오 / 오렌 / 아덴 대륙 / 글루디오 던전 1층 / 글루디오 던전 2층 / 글루디오 던전 3층 / 글루디오 던전 4층 / 글루디오 던전 5층 / 글루디오 던전 6층 / 글루디오 던전 7층 / 윈다우드 성 던전 1층 / 윈다우드 성 던전 2층,구울의 손톱 / 부활 주문서 / 아데나 / 축복받은순간이동 주문서 / 구울의 이빨 / 마법서 (버서커스) / 무기 마법 주문서
30,스파토이,16,언데드,말하는 섬 던전 2층 / 요정숲 던전 3층 / 사막 던전 2층 / 사막 던전 3층 / 용의 계곡 던전 1층 / 기란 던전 1층 / 은기사 지역 / 오크 숲 / 글루디오 / 용의 계곡 / 아덴 대륙 / 글루디오 던전 1층 / 글루디오 던전 2층 / 글루디오 던전 3층 / 글루디오 던전 4층 / 글루디오 던전 5층 / 글루디오 던전 6층 / 글루디오 던전 7층 / 윈다우드 성 던전 1층 / 윈다우드 성 던전 2층,초록 물약 / 아데나 / 언월도 / 마력의 돌 / 큰 방패 / 단풍나무 막대 / 투구 / 청동 판금 갑옷 / 강화 초록 물약 / 축복받은언월도
504,크랩맨,16,,지하 수로 2층 / 지하 수로 3층 / 에바왕국,마법서 (웨폰 브레이크) / 아데나 / 갑옷 마법 주문서 / 축복받은순간이동 주문서 / 마법서 (인챈트 마이티)
511,머맨,16,,에바왕국,아데나 / 찢어진 조사서 조각(3)
518,상어,16,,에바왕국,고급 사파이어 / 낡은 영혼의 벨트 / 최고급 사파이어 / 초록 물약 / 아데나 / 사파이어 / 단풍나무 막대 / 강화 초록 물약
750,흑기사 수색대,16,,글루디오 / 아덴 대륙,에메랄드 / 축복받은기병창 / 사파이어 / 파란 물약 / 루비 / 청동 판금 갑옷 / 티셔츠 / 파르티잔 / 다이아몬드 / 짧은 부츠 / 용기의 물약 / 수색문서 / 삼지창 / 아데나 / 보호 망토 / 부츠 / 투구 / 양손검 / 축복받은미늘창
2392,오염된 요정 궁수,16,,오염된 축복의 땅,아데나
2400,오염된 오크 창병,16,,오염된 축복의 땅,아데나
2401,오염된 빛의 대정령,16,,오염된 축복의 땅,아데나
92,네루가 오크,17,,오크 숲 / 아덴 대륙,저주받은그라디우스 / 초록 물약 / 우럭하이 방패 / 루비 / 오크족 사슬 갑옷 / 오크 투사의 목걸이 / 랜턴 / 다마스커스 검 / 네루가의 토템 / 네루가 오크 마법서 / 아데나 / 저주받은양손검 / 강화 초록 물약
150,네루가 오크,17,,요정숲 던전 3층 / 요정 숲 / 아덴 대륙,다마스커스 검 / 저주받은그라디우스 / 초록 물약 / 정령옥 / 화살 / 우럭하이 방패 / 루비 / 저주받은양손검 / 강화 초록 물약 / 오크족 사슬 갑옷 / 랜턴
280,라이칸스로프,17,,기란 던전 2층 / 은기사 지역 / 오크 숲 / 글루디오 / 윈다우드 / 켄트 / 용의 계곡 / 기란 / 하이네 / 아덴 대륙,마법서 (슬로우) / 아데나 / 전투 도끼 / 마법서 (인챈트 덱스터리티) / 정령옥 / 비늘 갑옷 / 부츠 / 큰 방패 / 마법서 (뱀파이어릭 터치) / 포챠드 / 징박힌 가죽 갑옷 / 다이아몬드
10001,타락한 바람의 대정령,17,,타락한 축복의 땅의 여름,아데나
10006,타락한 간디 오크,17,,타락한 축복의 땅의 여름,아데나
10014,타락한 페어리,17,,타락한 축복의 땅의 여름,아데나
10015,타락한 인간 투사,17,,타락한 축복의 땅의 여름,아데나
31,웅골리언트,18,,용의 계곡 던전 1층 / 켄트 / 기란 / 하이네 / 아덴 대륙 / 글루디오 던전 2층 / 글루디오 던전 3층 / 글루디오 던전 4층 / 글루디오 던전 5층 / 글루디오 던전 6층 / 글루디오 던전 7층 / 윈다우드 성 던전 1층 / 윈다우드 성 던전 2층,마법서 (테이밍 몬스터) / 마법서 (슬로우) / 초록 물약 / 아데나 / 갑옷 마법 주문서 / 축복받은순간이동 주문서 / 마법서 (어스 재일) / 비취 물약 / 강화 초록 물약 / 흑단 막대 / 무기 마법 주문서
560,도펠겡어,19,,하이네 / 아덴 대륙,변신 주문서 / 아데나 / 파란 물약
236,거대 병정 개미,20,,아덴 대륙 / 개미굴 던전 1층 / 개미굴 던전 1층 / 개미굴 던전 1층 / 개미굴 던전 1층 / 개미굴 던전 1층 / 개미굴 던전 1층 / 개미굴 던전 1층 / 개미굴 던전 1층 / 개미굴 던전 2층,고급 루비 / 용기의 물약 / 최고급 에메랄드 / 에메랄드 / 초록 물약 / 마법의 투구: 힘 / 축복받은순간이동 주문서 / 루비 / 청동 판금 갑옷 / 강화 초록 물약 / 최고급 루비 / 고급 에메랄드
505,랫맨,20,,지하 수로 1층 / 지하 수로 2층 / 지하 수로 3층,미늘 갑옷 / 초록 물약 / 아데나 / 마법서 (인챈트 덱스터리티) / 축복받은순간이동 주문서 / 강화 초록 물약 / 마법서 (헤이스트)
519,아스테,20,,에바왕국,용기의 물약 / 초록 물약 / 아데나 / 마법서 (콘 오브 콜드) / 축복받은순간이동 주문서 / 강화 초록 물약
10002,타락한 물의 대정령,20,,타락한 축복의 땅의 여름,아데나
10009,타락한 오크 궁수,20,,타락한 축복의 땅의 여름,아데나
10010,타락한 요정 궁수,20,,타락한 축복의 땅의 여름,아데나
10017,타락한 인간 궁수,20,,타락한 축복의 땅의 여름,아데나
7,장로,21,,말하는 섬 / 말하는 섬 / 말하는 섬 던전 1층 / 글루디오 / 켄트 / 아덴 대륙 / 글루디오 던전 6층,소나무 막대 / 마법서 (콜 라이트닝) / 마력의 돌 / 파란 물약 / 저주 풀기 주문서 / 순간이동 주문서 / 아데나 / 보호 망토 / 마법서 (그레이터 힐) / 지혜의 물약 / 단풍나무 막대 / 확인 주문서 / 신비한 지혜의 물약
115,가스트,21,,요정숲 던전 3층 / 기란 던전 3층 / 기란 던전 4층 / 오크 숲 / 기란 / 아덴 대륙,에메랄드 / 대형 도끼 / 전투 도끼 / 아데나 / 파란 물약 / 마법서 (서먼 몬스터) / 비취 물약 / 고급 에메랄드
33,버그베어,22,,사막 던전 2층 / 사막 던전 3층 / 사막 던전 4층 / 글루디오 / 아덴 대륙 / 글루디오 던전 2층 / 글루디오 던전 3층 / 글루디오 던전 4층 / 글루디오 던전 5층 / 글루디오 던전 6층 / 글루디오 던전 7층 / 윈다우드 성 던전 1층 / 윈다우드 성 던전 2층,마법서 (웨폰 브레이크) / 미늘 갑옷 / 마법서 (선 버스트) / 대형 도끼 / 마법서 (파이어볼) / 아데나 / 전투 도끼 / 정령의 수정 (리턴 투 네이처) / 갑옷 마법 주문서 / 축복받은순간이동 주문서 / 비밀방 열쇠 / 무기 마법 주문서
501,라미아,22,,지하 수로,마법서 (웨폰 브레이크) / 아데나 / 빛나는 비늘 / 축복받은순간이동 주문서 / 무기 마법 주문서
502,라미아,22,,지하 수로,마법서 (웨폰 브레이크) / 아데나 / 빛나는 비늘 / 축복받은순간이동 주문서 / 무기 마법 주문서
562,라미아,22,,지하 수로 1층 / 지하 수로 2층 / 지하 수로 3층 / 하이네 / 아덴 대륙,마법서 (웨폰 브레이크) / 아데나 / 빛나는 비늘 / 축복받은순간이동 주문서 / 무기 마법 주문서
563,라미아,22,,지하 수로 1층 / 지하 수로 2층 / 지하 수로 3층 / 하이네 / 아덴 대륙,마법서 (웨폰 브레이크) / 아데나 / 빛나는 비늘 / 축복받은순간이동 주문서 / 무기 마법 주문서
10000,타락한 빛의 대정령,22,,타락한 축복의 땅의 여름,아데나
10005,타락한 두다-마라 오크,22,,타락한 축복의 땅의 여름,아데나
10011,타락한 만드라고라,22,,타락한 축복의 땅의 여름,아데나
10016,타락한 인간 도적,22,,타락한 축복의 땅의 여름,아데나
182,켈베로스,24,,사막 던전 4층 / 기란 던전 4층 / 글루디오 던전 4층 / 글루디오 던전 5층 / 글루디오 던전 6층 / 글루디오 던전 7층 / 윈다우드 성 던전 1층 / 윈다우드 성 던전 2층,마법서 (웨폰 브레이크) / 고급 루비 / 용기의 물약 / 마법서 (이뮨 투 함) / 마법서 (파이어볼) / 아데나 / 마력의 돌 / 정령옥 / 축복받은순간이동 주문서 / 루비 / 마력의 지팡이 / 최고급 루비
503,시댄서,24,,에바왕국,마법서 (아이스 랜스) / 정령의 수정 (네이쳐스 블레싱) / 고급 사파이어 / 최고급 사파이어 / 마법서 (슬로우) / 정령의 수정 (네이쳐스 터치) / 아데나 / 사파이어 / 정령의 수정 (폴루트 워터) / 파란 물약 / 마법서 (콘 오브 콜드)
520,터틀 드래곤,24,,은기사 지역 / 아덴 대륙,용기의 물약 / 아데나 / 마법서 (콘 오브 콜드) / 터틀 드래곤의 껍질 / 마법서 (캔슬레이션) / 축복받은순간이동 주문서
246,스콜피온,26,,용의 계곡 / 아덴 대륙,마법의 투구: 신속 / 용기의 물약 / 마법서 (콜 라이트닝) / 초록 물약 / 아데나 / 마법서 (캔슬레이션) / 축복받은순간이동 주문서 / 마법서 (어스 재일) / 마법서 (어스 퀘이크) / 강화 초록 물약
252,하피,26,,윈다우드 / 켄트 / 용의 계곡 / 아덴 대륙,아데나 / 마력의 돌 / 정령옥 / 파란 물약 / 축복받은띠 갑옷 / 축복받은무기 마법 주문서 / 정령의 수정 (아이 오브 스톰) / 축복받은순간이동 주문서 / 마법서 (홀리 워크) / 마법서 (그레이터 헤이스트) / 마법서 (헤이스트)
567,터틀 드래곤,26,,,용기의 물약 / 아데나 / 마법서 (콘 오브 콜드) / 마법서 (캔슬레이션) / 축복받은순간이동 주문서
10003,타락한 땅의 대정령,26,,타락한 축복의 땅의 여름,아데나
10007,타락한 오크 마법사,26,,타락한 축복의 땅의 여름,아데나
10012,타락한 요정 마법사,26,,타락한 축복의 땅의 여름,아데나
10019,타락한 인간 마법사,26,,타락한 축복의 땅의 여름,아데나
10021,타락한 스피리드의 소환물,26,,타락한 축복의 땅의 여름,
288,해골저격병,27,언데드,용의 계곡 던전 1층 / 용의 계곡 던전 2층 / 용의 계곡 던전 3층 / 용의 계곡 던전 4층 / 용의 계곡 / 아덴 대륙,축복받은마법 망토 / 축복받은활 / 마법서 (테이밍 몬스터) / 낡은 민첩의 목걸이 / 초록 물약 / 축복받은투구 / 아데나 / 마법서 (인챈트 덱스터리티) / 마력의 돌 / 축복받은큰 방패 / 민첩의 목걸이 / 강화 초록 물약
290,해골근위병,27,언데드,용의 계곡 던전 1층 / 용의 계곡 던전 2층 / 용의 계곡 던전 3층 / 용의 계곡 던전 4층 / 용의 계곡 / 아덴 대륙,축복받은마법 망토 / 마법서 (테이밍 몬스터) / 초록 물약 / 축복받은투구 / 아데나 / 마법서 (인챈트 덱스터리티) / 마력의 돌 / 축복받은큰 방패 / 축복받은넓은 창 / 강화 초록 물약
297,다크 엘프,27,,기란 던전 4층 / 오크 숲 / 용의 계곡 / 기란 / 아덴 대륙,마법서 (토네이도) / 마법서 (메디테이션) / 요정족 망토 / 미스릴 화살 / 요정족 활 / 아데나 / 정령옥 / 파란 물약 / 정령의 수정 (리턴 투 네이처) / 마법서 (인비지블리티) / 요정족 흉갑 / 엘븐 와퍼
223,오우거,28,,오크 숲 / 글루디오 / 켄트 / 아덴 대륙,미늘 갑옷 / 용기의 물약 / 오우거의 벨트 / 대형 도끼 / 아데나 / 전투 도끼 / 마법의 투구: 힘 / 오우거의 피 / 광전사의 도끼 / 갑옷 마법 주문서 / 무기 마법 주문서
279,트롤,28,,용의 계곡 던전 1층 / 용의 계곡 던전 2층 / 용의 계곡 던전 3층 / 용의 계곡 던전 4층,용기의 물약 / 미늘 갑옷 / 대형 도끼 / 마법서 (힐 올) / 전투 도끼 / 마법서 (그레이터 힐) / 광전사의 도끼 / 저주받은미늘 갑옷 / 마법의 투구: 치유 / 트롤의 벨트
464,페이퍼 맨,28,,상아탑 4층 / 상아탑 5층,순간이동 주문서 / 귀환 주문서 / 변신 주문서 / 아데나 / 확인 주문서
507,일렉카둠,28,,에바왕국,낡은 신체의 벨트 / 최고급 다이아몬드 / 마법서 (콜 라이트닝) / 정령의 수정 (네이쳐스 터치) / 파란 물약 / 다이아몬드 / 용기의 물약 / 아데나 / 마법서 (서먼 몬스터) / 갑옷 마법 주문서 / 마법서 (콘 오브 콜드) / 마법서 (라이트닝 스톰) / 축복받은순간이동 주문서 / 고급 다이아몬드 / 흑단 막대 / 뇌신검
701,눈사람,28,,오렌 설벽 / 국경 요새 / 오렌 / 아덴 대륙 / 얼음 수정 동굴 1층 / 얼음 수정 동굴 2층,변신 주문서 / 아데나 / 정령의 수정 (리턴 투 네이처) / 찢어진 조사서 조각(1) / 축복받은순간이동 주문서
735,페이퍼 맨,28,,상아탑 4층 / 상아탑 5층,순간이동 주문서 / 귀환 주문서 / 변신 주문서 / 아데나 / 확인 주문서
879,산적,28,,기란 / 아덴 대륙,모닝스타 / 빨간 물약 / 도난당한 목걸이 / 초록 물약 / 아데나 / 투구 / 맑은 물약 / 징박힌 가죽 갑옷 / 강화 초록 물약 / 주홍 물약 / 몽둥이
10219,오우거,28,,용의 계곡 / 아덴 대륙,미늘 갑옷 / 용기의 물약 / 오우거의 벨트 / 대형 도끼 / 아데나 / 전투 도끼 / 마법의 투구: 힘 / 오우거의 피 / 광전사의 도끼 / 갑옷 마법 주문서 / 무기 마법 주문서
289,해골돌격병,29,언데드,용의 계곡 던전 1층 / 용의 계곡 던전 2층 / 용의 계곡 던전 3층 / 용의 계곡 던전 4층 / 용의 계곡 / 아덴 대륙,축복받은마법 망토 / 초록 물약 / 축복받은투구 / 아데나 / 낡은 체력의 목걸이 / 마법서 (인챈트 덱스터리티) / 마력의 돌 / 축복받은큰 방패 / 기술서 (솔리드 캐리지) / 축복받은전투 도끼 / 강화 초록 물약 / 마법서 (헤이스트)
513,크러스트시안,29,,에바왕국,용기의 물약 / 최고급 다이아몬드 / 마법서 (위크니스) / 아데나 / 갑옷 마법 주문서 / 고급 다이아몬드 / 낡은 정신의 벨트 / 다이아몬드 / 무기 마법 주문서
592,폭탄 꽃,29,,화룡의 둥지 / 아덴 대륙,마법서 (포그 오브 슬리핑) / 아데나 / 축복받은순간이동 주문서
212,킹 버그베어,30,,사막 던전 4층 / 글루디오 던전 6층 / 글루디오 던전 7층 / 윈다우드 성 던전 1층 / 윈다우드 성 던전 2층,고급 루비 / 마법서 (파이어볼) / 전투 도끼 / 파란 물약 / 광전사의 도끼 / 기술서 (쇼크 스턴) / 마법서 (리무브 커스) / 무기 마법 주문서 / 마법서 (웨폰 브레이크) / 용기의 물약 / 미늘 갑옷 / 대형 도끼 / 마법의 투구: 힘 / 아데나 / 갑옷 마법 주문서 / 축복받은순간이동 주문서 / 마법서 (디지즈) / 몽둥이
281,무리안,30,,용의 계곡 던전 2층 / 용의 계곡 던전 3층 / 용의 계곡 던전 4층 / 용의 계곡 던전 5층,귀환 주문서 / 변신 주문서 / 마법서 (슬로우) / 보호 망토 / 파란 물약 / 축복받은무기 마법 주문서 / 마법서 (그레이터 힐) / 갑옷 마법 주문서 / 저주 풀기 주문서 / 마법서 (리무브 커스) / 축복받은갑옷 마법 주문서 / 무기 마법 주문서
708,좀비 엘모어 병사,30,언데드,오렌 설벽 / 엘모어 격전지 / 국경 요새 / 화룡의 둥지 / 오렌 / 아덴 대륙,짧은 부츠 / 용기의 물약 / 혹한의 창 / 장갑 / 크림슨 랜스 / 아데나 / 갑옷 마법 주문서 / 징박힌 가죽 갑옷 / 포챠드
709,아이스 맨,30,,국경 요새 / 아덴 대륙 / 얼음 수정 동굴 1층 / 얼음 수정 동굴 2층 / 얼음 수정 동굴 3층,초록 물약 / 아데나 / 전투 도끼 / 파란 물약 / 마력의 돌 / 정령옥 / 강화 초록 물약
882,산적,30,,기란 / 아덴 대륙,가죽투구 / 초록 물약 / 사냥꾼 활 / 주홍 물약 / 작은 활 / 빨간 물약 / 도난당한 목걸이 / 아데나 / 활 골무 / 투구 / 맑은 물약 / 징박힌 가죽 갑옷 / 강화 초록 물약
899,젤라틴 큐브,30,,지하 수로,순간이동 주문서 / 부활 주문서 / 아데나 / 지혜의 물약
2403,스피리드,30,,오염된 축복의 땅,아데나
10004,타락한 어둠의 대정령,30,,타락한 축복의 땅의 여름,아데나
10008,타락한 오크 전사,30,,타락한 축복의 땅의 여름,아데나
10013,타락한 요정 검사,30,,타락한 축복의 땅의 여름,아데나
10018,타락한 인간 전사,30,,타락한 축복의 땅의 여름,아데나
10257,펑거스,30,,몽환의 섬,초록 물약 / 아데나 / 파란 물약 / 갑옷 마법 주문서 / 무기 마법 주문서
10258,꿈의 혼령,30,,몽환의 섬,바다의 망토 / 순간이동 주문서 / 변신 주문서 / 귀환 주문서 / 아데나 / 낡은 매력의 목걸이 / 갑옷 마법 주문서 / 황금 지휘봉 / 무기 마법 주문서
333,그리폰,31,,기란 / 아덴 대륙,고급 루비 / 마법서 (토네이도) / 마법서 (카운터 매직) / 마력의 돌 / 고급 에메랄드 / 고급 사파이어 / 축복받은띠 갑옷 / 정령의 수정 (리턴 투 네이처) / 정령의 수정 (아이 오브 스톰) / 축복받은순간이동 주문서 / 축복받은초록 물약 / 고급 다이아몬드 / 강화 초록 물약 / 정령의 수정 (윈드 워크)
460,미믹,31,,상아탑 4층 / 상아탑 5층,용기의 물약 / 초록 물약 / 아데나 / 파란 물약 / 지혜의 물약 / 투구 / 강화 초록 물약 / 주홍 물약
703,좀비 엘모어 마법사,31,언데드,오렌 설벽 / 엘모어 격전지 / 국경 요새 / 화룡의 둥지 / 오렌 / 아덴 대륙,천사의 지팡이 / 아데나 / 낡은 지식의 목걸이 / 파란 물약 / 마법서 (콘 오브 콜드) / 마법서 (블레스 웨폰) / 축복받은순간이동 주문서 / 마법서 (마나 드레인) / 마법서 (풀 힐) / 정령의 수정 (워터 라이프) / 무기 마법 주문서 / 마력의 지팡이
881,산적,31,,기란 / 아덴 대륙,빨간 물약 / 도난당한 목걸이 / 대형 도끼 / 초록 물약 / 아데나 / 전투 도끼 / 비늘 갑옷 / 광전사의 도끼 / 투구 / 맑은 물약 / 강화 초록 물약 / 주홍 물약
10125,오염된 물의 정령,31,,,오염된 정령의 수정(물)
10126,오염된 불의 정령,31,,,오염된 정령의 수정(불)
10127,오염된 땅의 정령,31,,,오염된 정령의 수정(땅)
10128,오염된 바람의 정령,31,,,오염된 정령의 수정(바람)
463,아이스 골렘,32,,오렌 설벽 / 국경 요새 / 아덴 대륙 / 얼음 수정 동굴 1층 / 얼음 수정 동굴 2층 / 얼음 수정 동굴 3층,수정 장갑 / 마법서 (아이스 랜스) / 용기의 물약 / 돌 장갑 / 정령의 수정 (네이쳐스 터치) / 아데나 / 지혜의 물약 / 마법서 (콘 오브 콜드) / 은도끼 / 흑단 막대 / 철퇴
471,크로코다일,32,,하이네 / 아덴 대륙,용기의 물약 / 에메랄드 / 마법서 (콜 라이트닝) / 아데나 / 갑옷 마법 주문서
880,산적,32,,기란 / 아덴 대륙,빨간 물약 / 다마스커스 검 / 도난당한 목걸이 / 그라디우스 / 초록 물약 / 아데나 / 사슬 갑옷 / 투구 / 맑은 물약 / 강화 초록 물약 / 주홍 물약
129,가스트 로드,33,,오크 숲 / 아덴 대륙,최고급 에메랄드 / 대형 도끼 / 전투 도끼 / 아데나 / 파란 물약 / 광전사의 도끼 / 갑옷 마법 주문서 / 축복받은순간이동 주문서 / 마법의 투구: 치유 / 마법서 (디지즈) / 무기 마법 주문서 / 고급 에메랄드
286,비홀더,33,,지하 수로 2층 / 지하 수로 3층 / 하이네 / 아덴 대륙,고급 사파이어 / 최고급 사파이어 / 저주받은무기 마법 주문서 / 마법서 (위크니스) / 아데나 / 사파이어 / 정령의 수정 (리턴 투 네이처) / 정령의 수정 (트리플 애로우) / 지혜의 물약 / 마법서 (캔슬레이션) / 마법서 (커스: 패럴라이즈) / 마법서 (디지즈)
473,리빙아머,33,,상아탑 4층 / 상아탑 5층,마법서 (이뮨 투 함) / 마법서 (위크니스) / 전투 도끼 / 청동 판금 갑옷 / 주홍 물약 / 빨간 물약 / 용기의 물약 / 달빛의 정기 / 마법서 (힐 올) / 아데나 / 띠 갑옷 / 맑은 물약 / 강화 초록 물약
595,드래곤 플라이,33,,화룡의 둥지 / 아덴 대륙,순간이동 주문서 / 초록 물약 / 아데나 / 축복받은무기 마법 주문서 / 마법서 (뱀파이어릭 터치) / 강화 초록 물약 / 축복받은갑옷 마법 주문서 / 화룡 비늘
702,샤벨 타이거,33,,오렌 설벽 / 국경 요새 / 오렌 / 아덴 대륙 / 얼음 수정 동굴 1층 / 얼음 수정 동굴 2층 / 얼음 수정 동굴 3층,혹한의 창 / 초록 물약 / 아데나 / 마력의 돌 / 정령옥 / 강화 초록 물약
704,에티,33,,오렌 설벽 / 국경 요새 / 오렌 / 아덴 대륙 / 얼음 수정 동굴 1층 / 얼음 수정 동굴 2층 / 얼음 수정 동굴 3층,수정 장갑 / 용기의 물약 / 루선해머 / 혹한의 창 / 마법서 (포그 오브 슬리핑) / 마법서 (어드밴스 스피릿) / 아데나 / 낡은 체력의 목걸이 / 정령옥 / 검은 혈흔
884,도펠갱어,33,,하이네 / 아덴 대륙,변신 주문서 / 아데나 / 파란 물약
12091,도마뱀,33,,아덴 대륙,고급피혁 / 초록 물약 / 아데나 / 다이아몬드
248,코카트리스,34,,용의 계곡 / 아덴 대륙,정령의 수정 (인탱글) / 마법서 (슬로우) / 초록 물약 / 마법서 (리무브 커스) / 마법서 (어스 퀘이크) / 마법서 (커스: 패럴라이즈) / 무기 마법 주문서 / 용기의 물약 / 아데나 / 마법서 (그레이터 힐) / 갑옷 마법 주문서 / 지혜의 물약 / 축복받은순간이동 주문서 / 마법서 (어스 재일) / 강화 초록 물약 / 흑단 막대 / 마법서 (그레이터 헤이스트) / 마법서 (이럽션) / 마법서 (헤이스트)
287,에틴,35,,용의 계곡 던전 3층 / 용의 계곡 던전 4층 / 용의 계곡 던전 5층 / 용의 계곡 던전 6층,용기의 물약 / 낡은 매력의 목걸이 / 축복받은루선해머 / 마법서 (어스 재일) / 마법서 (인챈트 마이티) / 마법서 (어스 퀘이크) / 마법서 (그레이터 헤이스트) / 마법서 (이럽션) / 마법서 (헤이스트)
587,불타는 전사,35,,화룡의 둥지 / 아덴 대륙,용기의 물약 / 화염의 검 / 장검 / 초록 물약 / 아데나 / 큰 방패 / 띠 갑옷 / 검은 혈흔 / 투구 / 낡은 완력의 목걸이 / 강화 초록 물약 / 화룡 비늘
705,좀비 엘모어 장군,35,언데드,오렌 설벽 / 엘모어 격전지 / 화룡의 둥지 / 오렌 / 아덴 대륙,초록 물약 / 비늘 갑옷 / 기술서 (쇼크 스턴) / 낡은 완력의 목걸이 / 청동 판금 갑옷 / 무기 마법 주문서 / 용기의 물약 / 강철 원석 / 장갑 / 아데나 / 대검 / 부츠 / 갑옷 마법 주문서 / 기술서 (바운스 어택) / 양손검 / 강화 초록 물약 / 기술서 (리덕션 아머)
707,아이언 골렘,35,,오렌 설벽 / 국경 요새 / 아덴 대륙 / 얼음 수정 동굴 1층 / 얼음 수정 동굴 2층 / 상아탑 4층 / 상아탑 5층,마법서 (위크니스) / 파란 물약 / 찢어진 조사서 조각(2) / 저주 풀기 주문서 / 정령의 수정 (아이언 스킨) / 마법서 (인챈트 마이티) / 낡은 지혜의 목걸이 / 철괴 / 미스릴 원석 / 정령의 수정 (블러드 투 소울) / 무기 마법 주문서 / 용기의 물약 / 강철 원석 / 돌 장갑 / 아데나 / 갑옷 마법 주문서
883,산적 두목,35,,기란 / 아덴 대륙,고급 루비 / 최고급 에메랄드 / 최고급 다이아몬드 / 최고급 사파이어 / 초록 물약 / 일본도 / 주홍 물약 / 고급 에메랄드 / 빨간 물약 / 고급 사파이어 / 아데나 / 보호 망토 / 띠 갑옷 / 투구 / 맑은 물약 / 축복받은순간이동 주문서 / 고급 다이아몬드 / 강화 초록 물약 / 최고급 루비 / 은장검
247,바실리스크,36,,아덴 대륙,마법서 (슬로우) / 최고급 다이아몬드 / 마법서 (캔슬레이션) / 마법서 (리무브 커스) / 마법서 (어스 퀘이크) / 무기 마법 주문서 / 다이아몬드 / 바실리스크의 비늘 / 용기의 물약 / 마법서 (그레이터 힐) / 정령의 수정 (리턴 투 네이처) / 갑옷 마법 주문서 / 마법서 (어스 재일) / 고급 다이아몬드 / 마법서 (이럽션)
593,불타는 궁수,36,,화룡의 둥지 / 아덴 대륙,낡은 민첩의 목걸이 / 마법서 (슬로우) / 아데나 / 마법서 (인챈트 덱스터리티) / 고리 갑옷 / 부츠 / 사냥꾼 활 / 투구 / 화염의 활 / 화룡 비늘
975,흑기사,36,,아덴 대륙,
2782,선택받지 못한 자,36,언데드,버림받은 자들의 땅,날이 빠진 무기
2784,선택받지 못한 자,36,언데드,버림받은 자들의 땅,날이 빠진 무기
2785,선택받지 못한 자,36,언데드,버림받은 자들의 땅,날이 빠진 무기
2786,선택받지 못한 자,36,언데드,버림받은 자들의 땅,날이 빠진 무기
284,서큐버스,37,,용의 계곡 던전 4층 / 용의 계곡 던전 5층 / 용의 계곡 던전 6층,마법서 (아이스 랜스) / 변신 조종 반지 / 마법서 (블리자드) / 마법서 (디케이 포션) / 정령의 수정 (네이쳐스 터치) / 파란 물약 / 정령의 수정 (트리플 애로우) / 낡은 지혜의 목걸이 / 마법서 (서먼 몬스터) / 정령의 수정 (리턴 투 네이처) / 지혜의 물약 / 마법서 (콘 오브 콜드) / 도난당한 반지 / 마법서 (풀 힐)
2787,보초병,37,언데드,,날이 빠진 무기
10272,어둠의 해골 궁수,37,언데드,결속의 던전: 어둠,초록 물약 / 마법서 (인챈트 덱스터리티) / 마력의 돌 / 마법 망토 / 투구 / 활 / 강화 초록 물약 / 뼈조각
534,사라만다,38,,화룡의 둥지 / 아덴 대륙,마법서 (파이어 스톰) / 고급 루비 / 강철 원석 / 초록 물약 / 아데나 / 기술서 (쇼크 스턴) / 정령의 수정 (아이 오브 스톰) / 축복받은순간이동 주문서 / 강화 초록 물약 / 정령의 수정 (이레이즈 매직) / 고급 에메랄드 / 화룡 비늘
2783,선택받지 못한 자,38,언데드,버림받은 자들의 땅,날이 빠진 무기
10245,사라만다,38,,몽환의 섬,마법서 (파이어 스톰) / 대형 도끼 / 아데나 / 갑옷 마법 주문서 / 마법서 (홀리 워크) / 양손검 / 무기 마법 주문서
10247,아이스 맨,38,,몽환의 섬,초록 물약 / 아데나 / 낡은 지식의 목걸이 / 파란 물약 / 갑옷 마법 주문서 / 무기 마법 주문서
10250,킬러비,38,,몽환의 섬,낡은 민첩의 목걸이 / 아데나 / 갑옷 마법 주문서 / 무기 마법 주문서
10253,열혈토끼,38,,몽환의 섬,아데나 / 갑옷 마법 주문서 / 무기 마법 주문서
10260,어둠의 버그베어,38,,결속의 던전: 어둠,마법서 (웨폰 브레이크) / 미늘 갑옷 / 마법서 (선 버스트) / 대형 도끼 / 마법서 (파이어볼) / 전투 도끼 / 정령의 수정 (리턴 투 네이처) / 갑옷 마법 주문서 / 축복받은순간이동 주문서 / 무기 마법 주문서
10262,어둠의 켈베로스,38,,결속의 던전: 어둠,마법서 (웨폰 브레이크) / 고급 루비 / 용기의 물약 / 마법서 (이뮨 투 함) / 마법서 (파이어볼) / 마력의 돌 / 정령옥 / 축복받은순간이동 주문서 / 루비 / 마력의 지팡이 / 최고급 루비
10271,어둠의 해골,38,언데드,결속의 던전: 어둠,축복받은마법 망토 / 소나무 막대 / 초록 물약 / 마력의 돌 / 큰 방패 / 축복받은순간이동 주문서 / 투구 / 강화 초록 물약 / 창 / 축복받은언월도
12087,밀림 호랑이,38,,아덴 대륙,고급피혁 / 초록 물약 / 아데나
12181,놀,38,,풍룡의 둥지 / 아덴 대륙,모닝스타 / 아데나 / 다이아몬드
591,파이어 에그,39,,화룡의 둥지 / 기란 / 아덴 대륙,변신 주문서 / 귀환 주문서 / 마법서 (파이어볼) / 아데나 / 파란 물약 / 갑옷 마법 주문서 / 저주 풀기 주문서 / 마법서 (리무브 커스) / 화룡 비늘 / 무기 마법 주문서
2807,순찰병,39,언데드,,날이 빠진 무기
10204,선택받지 못한 자,39,언데드,버림받은 자들의 땅:심연,날이 빠진 무기
10206,선택받지 못한 자,39,언데드,버림받은 자들의 땅:심연,날이 빠진 무기
10207,선택받지 못한 자,39,언데드,버림받은 자들의 땅:심연,날이 빠진 무기
10208,선택받지 못한 자,39,언데드,버림받은 자들의 땅:심연,날이 빠진 무기
10244,파이어 에그,39,,몽환의 섬,순간이동 주문서 / 변신 주문서 / 귀환 주문서 / 아데나 / 갑옷 마법 주문서 / 낡은 완력의 목걸이 / 마법서 (리무브 커스) / 무기 마법 주문서
10248,아이스 골렘,39,,몽환의 섬,부활 주문서 / 아데나 / 갑옷 마법 주문서 / 은도끼 / 정령의 수정 (블러드 투 소울) / 무기 마법 주문서
10251,볼 라이트닝,39,,몽환의 섬,아데나 / 갑옷 마법 주문서 / 마법서 (라이트닝 스톰) / 마법의 투구: 치유 / 마법서 (홀리 워크) / 무기 마법 주문서 / 뇌신검
10254,가디언 아머,39,,몽환의 섬,기술서 (카운터 배리어) / 초록 물약 / 아데나 / 낡은 체력의 목걸이 / 대검 / 갑옷 마법 주문서 / 기술서 (바운스 어택) / 청동 판금 갑옷 / 무기 마법 주문서
325,사이클롭스,40,,기란 / 아덴 대륙,정령의 수정 (인탱글) / 사이클롭스의 피 / 마법서 (위크니스) / 마법서 (사일런스) / 마법서 (인챈트 마이티) / 마법서 (어스 퀘이크) / 정령의 수정 (블레스 오브 어스) / 무기 마법 주문서 / 용기의 물약 / 마법의 투구: 힘 / 마법서 (서먼 몬스터) / 저주받은띠 갑옷 / 갑옷 마법 주문서 / 마법서 (어스 재일)
753,리자드맨,40,,잊혀진 섬,초록 물약 / 파란 물약 / 저주 풀기 주문서 / 주홍 물약 / 무기 마법 주문서 / 빨간 물약 / 용기의 물약 / 부활 주문서 / 잊혀진 로브 / 지혜의 물약 / 갑옷 마법 주문서 / 맑은 물약 / 확인 주문서 / 비취 물약 / 강화 초록 물약 / 엘븐 와퍼 / 흑단 막대
758,악어,40,,잊혀진 섬,초록 물약 / 파란 물약 / 검은 혈흔 / 저주 풀기 주문서 / 주홍 물약 / 무기 마법 주문서 / 빨간 물약 / 용기의 물약 / 부활 주문서 / 지혜의 물약 / 갑옷 마법 주문서 / 맑은 물약 / 확인 주문서 / 비취 물약 / 엘븐 와퍼 / 흑단 막대
771,늑대인간,40,,잊혀진 섬,초록 물약 / 파란 물약 / 저주 풀기 주문서 / 잊혀진 비늘 갑옷 / 주홍 물약 / 무기 마법 주문서 / 빨간 물약 / 용기의 물약 / 부활 주문서 / 지혜의 물약 / 갑옷 마법 주문서 / 맑은 물약 / 확인 주문서 / 비취 물약 / 강화 초록 물약 / 엘븐 와퍼 / 흑단 막대
772,아울베어,40,,잊혀진 섬,잊혀진 가죽 갑옷 / 초록 물약 / 파란 물약 / 저주 풀기 주문서 / 주홍 물약 / 무기 마법 주문서 / 빨간 물약 / 용기의 물약 / 부활 주문서 / 지혜의 물약 / 갑옷 마법 주문서 / 맑은 물약 / 확인 주문서 / 비취 물약 / 강화 초록 물약 / 엘븐 와퍼
773,셸로브,40,,잊혀진 섬,초록 물약 / 마법서 (포그 오브 슬리핑) / 파란 물약 / 저주 풀기 주문서 / 잊혀진 비늘 갑옷 / 주홍 물약 / 무기 마법 주문서 / 빨간 물약 / 용기의 물약 / 부활 주문서 / 지혜의 물약 / 갑옷 마법 주문서 / 맑은 물약 / 확인 주문서 / 비취 물약 / 강화 초록 물약 / 엘븐 와퍼 / 흑단 막대
10209,보초병,40,언데드,,날이 빠진 무기
10255,나이트메어,40,,,초록 물약 / 아데나 / 정령의 수정 (트리플 애로우) / 파란 물약 / 갑옷 마법 주문서 / 엘릭서(WIS) / 양손검 / 무기 마법 주문서
10259,꿈의 혼령,40,,몽환의 섬,순간이동 주문서 / 변신 주문서 / 귀환 주문서 / 바다의 망토 / 아데나 / 마력의 돌 / 갑옷 마법 주문서 / 황금 지휘봉 / 무기 마법 주문서
10261,어둠의 킹 버그베어,40,,결속의 던전: 어둠,고급 루비 / 마법서 (파이어볼) / 전투 도끼 / 파란 물약 / 광전사의 도끼 / 기술서 (쇼크 스턴) / 마법서 (리무브 커스) / 무기 마법 주문서 / 마법서 (웨폰 브레이크) / 용기의 물약 / 미늘 갑옷 / 대형 도끼 / 마법의 투구: 힘 / 갑옷 마법 주문서 / 축복받은순간이동 주문서 / 마법서 (디지즈) / 몽둥이
10311,화염의 해골저격병,40,언데드,결속의 던전: 화염,축복받은마법 망토 / 축복받은활 / 마법서 (테이밍 몬스터) / 낡은 민첩의 목걸이 / 초록 물약 / 축복받은투구 / 마법서 (인챈트 덱스터리티) / 마력의 돌 / 축복받은큰 방패 / 민첩의 목걸이 / 강화 초록 물약
285,서큐버스 퀸,41,,용의 계곡 던전 5층 / 용의 계곡 던전 6층,마법서 (아이스 랜스) / 마법서 (매스 텔레포트) / 정령의 수정 (네이쳐스 터치) / 파란 물약 / 마법서 (서먼 몬스터) / 지혜의 물약 / 마법서 (콘 오브 콜드) / 서큐버스 퀸의 신비한 지팡이 / 순간이동 조종 반지 / 마법서 (마나 드레인)
469,실루엣,41,언데드,상아탑 6층 / 상아탑 7층 / 상아탑 8층,빨간 물약 / 마법서 (카운터 매직) / 낡은 영혼의 벨트 / 아데나 / 축복받은빨간 물약 / 축복받은맑은 물약 / 파란 물약 / 마법서 (콘 오브 콜드) / 영혼의 벨트 / 축복받은주홍 물약 / 강화 초록 물약 / 마법서 (다크니스)
761,버그베어,41,,잊혀진 섬,초록 물약 / 파란 물약 / 저주 풀기 주문서 / 주홍 물약 / 무기 마법 주문서 / 빨간 물약 / 용기의 물약 / 부활 주문서 / 잊혀진 로브 / 지혜의 물약 / 갑옷 마법 주문서 / 맑은 물약 / 확인 주문서 / 비취 물약 / 강화 초록 물약 / 엘븐 와퍼 / 흑단 막대
774,웅골리언트,41,,잊혀진 섬,잊혀진 가죽 갑옷 / 초록 물약 / 파란 물약 / 저주 풀기 주문서 / 주홍 물약 / 무기 마법 주문서 / 빨간 물약 / 용기의 물약 / 부활 주문서 / 지혜의 물약 / 갑옷 마법 주문서 / 맑은 물약 / 확인 주문서 / 항마의 반지 / 비취 물약 / 강화 초록 물약 / 엘븐 와퍼 / 흑단 막대 / 멸마의 반지
776,가스트,41,,잊혀진 섬,잊혀진 가죽 갑옷 / 초록 물약 / 파란 물약 / 저주 풀기 주문서 / 주홍 물약 / 무기 마법 주문서 / 빨간 물약 / 용기의 물약 / 부활 주문서 / 지혜의 물약 / 갑옷 마법 주문서 / 맑은 물약 / 확인 주문서 / 비취 물약 / 강화 초록 물약 / 엘븐 와퍼 / 흑단 막대
976,흑기사 대장,41,,아덴 대륙,
10205,선택받지 못한 자,41,언데드,버림받은 자들의 땅:심연,날이 빠진 무기
10310,화염의 해골돌격병,41,언데드,결속의 던전: 화염,축복받은마법 망토 / 초록 물약 / 축복받은투구 / 낡은 체력의 목걸이 / 마법서 (인챈트 덱스터리티) / 마력의 돌 / 축복받은큰 방패 / 기술서 (솔리드 캐리지) / 축복받은전투 도끼 / 강화 초록 물약 / 마법서 (헤이스트)
37,세마,42,,글루디오 던전 3층 / 글루디오 던전 4층,소나무 막대 / 마법서 (위크니스) / 최고급 다이아몬드 / 마법서 (인챈트 덱스터리티) / 파란 물약 / 마력의 돌 / 저주 풀기 주문서 / 다이아몬드 / 세마의 모자 / 완력의 목걸이 / 보호 망토 / 부츠 / 축복받은무기 마법 주문서 / 단풍나무 막대 / 정령의 수정 (아이 오브 스톰) / 축복받은순간이동 주문서 / 고급 다이아몬드 / 마법서 (그레이터 헤이스트) / 축복받은갑옷 마법 주문서 / 마법서 (헤이스트)
580,유령,42,언데드,상아탑 6층 / 상아탑 7층 / 상아탑 8층,수정 장갑 / 정령의 수정 (에어리어 오브 사일런스) / 마법서 (카운터 매직) / 마법서 (위크니스) / 마나 수정구 / 초록 물약 / 축복받은빨간 물약 / 낡은 지식의 목걸이 / 낡은 완력의 목걸이 / 사이하의 활 / 빨간 물약 / 달빛의 정기 / 순간이동 주문서 / 아데나 / 무명 로브 / 축복받은맑은 물약 / 축복받은주홍 물약 / 강화 초록 물약
764,코카트리스,42,,잊혀진 섬,초록 물약 / 파란 물약 / 고대의 주문서 / 저주 풀기 주문서 / 주홍 물약 / 무기 마법 주문서 / 빨간 물약 / 용기의 물약 / 부활 주문서 / 잊혀진 판금 갑옷 / 잊혀진 검 / 지혜의 물약 / 갑옷 마법 주문서 / 맑은 물약 / 확인 주문서 / 비취 물약 / 강화 초록 물약 / 엘븐 와퍼
10129,네크로맨서,42,,글루디오 던전 6층,소나무 막대 / 마법서 (위크니스) / 최고급 다이아몬드 / 마법서 (인챈트 덱스터리티) / 파란 물약 / 저주 풀기 주문서 / 다이아몬드 / 완력의 목걸이 / 보호 망토 / 부츠 / 축복받은무기 마법 주문서 / 단풍나무 막대 / 정령의 수정 (아이 오브 스톰) / 축복받은순간이동 주문서 / 고급 다이아몬드 / 마법서 (그레이터 헤이스트) / 축복받은갑옷 마법 주문서 / 마법서 (헤이스트)
10210,순찰병,42,언데드,,날이 빠진 무기
12173,리자드맨 검사,42,,엘모어 격전지 / 아덴 대륙,용기의 물약 / 순간이동 주문서 / 초록 물약 / 아데나 / 비늘 갑옷 / 갑옷 마법 주문서 / 축복받은순간이동 주문서
12175,리자드맨 마법사,42,,엘모어 격전지 / 아덴 대륙,아데나 / 파란 물약 / 지혜의 물약 / 힘의 지팡이 / 멸마의 반지 / 무기 마법 주문서
12182,독침 킬러비,42,,풍룡의 둥지 / 아덴 대륙,에메랄드 / 정령의 수정 (윈드 워크)
12183,하피,42,,풍룡의 둥지 / 아덴 대륙,초록 물약 / 아데나 / 파란 물약 / 지혜의 물약 / 사슬 갑옷 / 마법서 (홀리 워크)
34,발터자르,43,,글루디오 던전 3층 / 글루디오 던전 4층,정령의 수정 (인탱글) / 최고급 에메랄드 / 소나무 막대 / 변신 조종 반지 / 에메랄드 / 파란 물약 / 마력의 돌 / 저주 풀기 주문서 / 마법서 (캔슬레이션) / 마법서 (어스 퀘이크) / 정령의 수정 (블레스 오브 어스) / 고급 에메랄드 / 보호 망토 / 부츠 / 축복받은무기 마법 주문서 / 지식의 목걸이 / 단풍나무 막대 / 발터자르의 모자 / 축복받은순간이동 주문서 / 축복받은갑옷 마법 주문서
581,유령,43,언데드,상아탑 6층 / 상아탑 7층 / 상아탑 8층,수정 장갑 / 정령의 수정 (에어리어 오브 사일런스) / 마나 수정구 / 축복받은빨간 물약 / 낡은 지식의 목걸이 / 파란 물약 / 낡은 완력의 목걸이 / 빨간 물약 / 달빛의 정기 / 순간이동 주문서 / 아데나 / 무명 로브 / 축복받은맑은 물약 / 지혜의 물약 / 축복받은주홍 물약 / 마법서 (다크니스)
586,라바 골렘,43,,화룡의 둥지 / 아덴 대륙,루선해머 / 용기의 물약 / 마법서 (슬로우) / 대형 도끼 / 돌 장갑 / 아데나 / 정령의 수정 (트리플 애로우) / 마법서 (인챈트 마이티) / 양손검 / 화룡 비늘
754,라미아,43,,잊혀진 섬,초록 물약 / 파란 물약 / 저주 풀기 주문서 / 주홍 물약 / 무기 마법 주문서 / 빨간 물약 / 용기의 물약 / 부활 주문서 / 잊혀진 로브 / 지혜의 물약 / 갑옷 마법 주문서 / 맑은 물약 / 확인 주문서 / 비취 물약 / 강화 초록 물약 / 엘븐 와퍼 / 흑단 막대
755,라미아,43,,잊혀진 섬,초록 물약 / 파란 물약 / 저주 풀기 주문서 / 잊혀진 비늘 갑옷 / 주홍 물약 / 무기 마법 주문서 / 빨간 물약 / 용기의 물약 / 부활 주문서 / 지혜의 물약 / 갑옷 마법 주문서 / 맑은 물약 / 확인 주문서 / 비취 물약 / 강화 초록 물약 / 엘븐 와퍼 / 흑단 막대
767,하피,43,,잊혀진 섬,초록 물약 / 파란 물약 / 저주 풀기 주문서 / 잊혀진 비늘 갑옷 / 주홍 물약 / 무기 마법 주문서 / 빨간 물약 / 용기의 물약 / 부활 주문서 / 지혜의 물약 / 갑옷 마법 주문서 / 맑은 물약 / 확인 주문서 / 항마의 반지 / 비취 물약 / 강화 초록 물약 / 엘븐 와퍼 / 흑단 막대 / 멸마의 반지
10243,불의 대정령,43,,몽환의 섬,퓨어 엘릭서 / 신성한 유니콘의 뿔 / 부활 주문서 / 초록 물약 / 아데나 / 엘릭서(STR) / 축복받은무기 마법 주문서 / 파란 물약 / 갑옷 마법 주문서 / 사슬 갑옷 / 무기 마법 주문서
10246,물의 대정령,43,,몽환의 섬,엘릭서(INT) / 퓨어 엘릭서 / 신성한 유니콘의 뿔 / 부활 주문서 / 초록 물약 / 아데나 / 파란 물약 / 갑옷 마법 주문서 / 사슬 갑옷 / 축복받은갑옷 마법 주문서 / 무기 마법 주문서
10249,바람의 대정령,43,,몽환의 섬,퓨어 엘릭서 / 신성한 유니콘의 뿔 / 부활 주문서 / 초록 물약 / 아데나 / 축복받은무기 마법 주문서 / 파란 물약 / 갑옷 마법 주문서 / 사슬 갑옷 / 엘릭서(DEX) / 무기 마법 주문서 / 뇌신검
10252,땅의 대정령,43,,몽환의 섬,엘릭서(CON) / 퓨어 엘릭서 / 신성한 유니콘의 뿔 / 부활 주문서 / 초록 물약 / 아데나 / 파란 물약 / 갑옷 마법 주문서 / 사슬 갑옷 / 축복받은갑옷 마법 주문서 / 무기 마법 주문서
10256,유니콘,43,,몽환의 섬,루선해머 / 신성한 유니콘의 뿔 / 순간이동 주문서 / 변신 주문서 / 귀환 주문서 / 아데나 / 엘릭서(CHA) / 갑옷 마법 주문서 / 무기 마법 주문서
10300,화염의 불타는 궁수,43,,결속의 던전: 화염,낡은 민첩의 목걸이 / 마법서 (슬로우) / 마법서 (인챈트 덱스터리티) / 고리 갑옷 / 부츠 / 사냥꾼 활 / 투구 / 화염의 활 / 화룡 비늘
10301,화염의 드래곤 플라이,43,,결속의 던전: 화염,순간이동 주문서 / 초록 물약 / 축복받은무기 마법 주문서 / 마법서 (뱀파이어릭 터치) / 강화 초록 물약 / 축복받은갑옷 마법 주문서 / 화룡 비늘
12184,페르페르,43,,풍룡의 둥지 / 아덴 대륙,아데나 / 힘의 지팡이
12185,펠리컬,43,,풍룡의 둥지 / 아덴 대륙,용기의 물약 / 아데나 / 정령의 수정 (아이 오브 스톰) / 청동 판금 갑옷 / 무기 마법 주문서 / 고급 에메랄드
35,카스파,44,,글루디오 던전 3층 / 글루디오 던전 4층,고급 루비 / 마법서 (선 버스트) / 소나무 막대 / 변신 조종 반지 / 마나 수정구 / 마법서 (파이어볼) / 파란 물약 / 마력의 돌 / 저주 풀기 주문서 / 루비 / 정령의 수정 (브레스 오브 파이어) / 카스파의 모자 / 완력의 목걸이 / 보호 망토 / 부츠 / 축복받은무기 마법 주문서 / 정령의 수정 (어스 바인드) / 단풍나무 막대 / 축복받은순간이동 주문서 / 축복받은갑옷 마법 주문서 / 최고급 루비
757,그리폰,44,,잊혀진 섬,초록 물약 / 파란 물약 / 저주 풀기 주문서 / 잊혀진 보우건 / 주홍 물약 / 무기 마법 주문서 / 빨간 물약 / 용기의 물약 / 부활 주문서 / 잊혀진 로브 / 지혜의 물약 / 갑옷 마법 주문서 / 맑은 물약 / 확인 주문서 / 비취 물약 / 강화 초록 물약 / 엘븐 와퍼
762,킹 버그베어,44,,잊혀진 섬,초록 물약 / 파란 물약 / 검은 혈흔 / 저주 풀기 주문서 / 주홍 물약 / 무기 마법 주문서 / 빨간 물약 / 용기의 물약 / 부활 주문서 / 잊혀진 판금 갑옷 / 지혜의 물약 / 갑옷 마법 주문서 / 맑은 물약 / 확인 주문서 / 항마의 반지 / 비취 물약 / 강화 초록 물약 / 엘븐 와퍼 / 흑단 막대 / 멸마의 반지
770,라이칸스로프,44,,잊혀진 섬,잊혀진 가죽 갑옷 / 초록 물약 / 파란 물약 / 저주 풀기 주문서 / 주홍 물약 / 무기 마법 주문서 / 빨간 물약 / 용기의 물약 / 부활 주문서 / 지혜의 물약 / 갑옷 마법 주문서 / 맑은 물약 / 확인 주문서 / 항마의 반지 / 비취 물약 / 강화 초록 물약 / 엘븐 와퍼 / 흑단 막대 / 멸마의 반지
775,트롤,44,,잊혀진 섬,초록 물약 / 파란 물약 / 저주 풀기 주문서 / 잊혀진 비늘 갑옷 / 주홍 물약 / 트롤의 벨트 / 무기 마법 주문서 / 빨간 물약 / 용기의 물약 / 부활 주문서 / 지혜의 물약 / 갑옷 마법 주문서 / 맑은 물약 / 확인 주문서 / 비취 물약 / 강화 초록 물약 / 엘븐 와퍼
10299,화염의 불타는 전사,44,,결속의 던전: 화염,용기의 물약 / 화염의 검 / 장검 / 초록 물약 / 큰 방패 / 띠 갑옷 / 검은 혈흔 / 투구 / 낡은 완력의 목걸이 / 강화 초록 물약 / 화룡 비늘
12174,리자드맨 전사,44,,엘모어 격전지 / 아덴 대륙,초록 물약 / 아데나 / 갑옷 마법 주문서 / 사슬 갑옷 / 무기 마법 주문서
12177,자이언트,44,,황혼의 산맥 / 아덴 대륙,아데나 / 갑옷 마법 주문서 / 청동 판금 갑옷
36,메르키오르,45,,글루디오 던전 3층 / 글루디오 던전 4층,소나무 막대 / 최고급 사파이어 / 메르키오르의 모자 / 정령의 수정 (네이쳐스 터치) / 사파이어 / 파란 물약 / 마력의 돌 / 저주 풀기 주문서 / 순간이동 조종 반지 / 정령의 수정 (블러드 투 소울) / 완력의 목걸이 / 고급 사파이어 / 보호 망토 / 부츠 / 축복받은무기 마법 주문서 / 단풍나무 막대 / 축복받은순간이동 주문서 / 축복받은갑옷 마법 주문서
579,데스,45,언데드,상아탑 6층 / 상아탑 7층 / 상아탑 8층,정령의 수정 (스톰 샷) / 미늘창 / 파란 물약 / 데스 블레이드 / 낡은 지혜의 목걸이 / 무기 마법 주문서 / 미늘 갑옷 / 달빛의 정기 / 순간이동 주문서 / 부활 주문서 / 대형 도끼 / 정령의 수정 (스트라이커 게일) / 아데나 / 갑옷 마법 주문서 / 달의 장궁 / 마법서 (디지즈)
596,아시타지오,45,,화룡의 둥지 / 아덴 대륙,마법서 (파이어볼) / 초록 물약 / 마법서 (인챈트 덱스터리티) / 마법서 (인챈트 마이티) / 화룡 비늘 / 무기 마법 주문서 / 용기의 물약 / 아데나 / 지혜의 물약 / 갑옷 마법 주문서 / 축복받은순간이동 주문서 / 아시타지오의 재 / 흑단 막대 / 강화 초록 물약 / 마법서 (이럽션) / 마법서 (헤이스트)
765,사이클롭스,45,,잊혀진 섬,초록 물약 / 잊혀진 대검 / 파란 물약 / 저주 풀기 주문서 / 주홍 물약 / 무기 마법 주문서 / 빨간 물약 / 용기의 물약 / 강철 원석 / 부활 주문서 / 잊혀진 판금 갑옷 / 지혜의 물약 / 갑옷 마법 주문서 / 맑은 물약 / 확인 주문서 / 비취 물약 / 강화 초록 물약 / 엘븐 와퍼
10302,화염의 아시타지오,45,,결속의 던전: 화염,마법서 (파이어볼) / 초록 물약 / 마법서 (인챈트 덱스터리티) / 마법서 (인챈트 마이티) / 화룡 비늘 / 무기 마법 주문서 / 용기의 물약 / 지혜의 물약 / 갑옷 마법 주문서 / 축복받은순간이동 주문서 / 아시타지오의 재 / 흑단 막대 / 강화 초록 물약 / 마법서 (이럽션) / 마법서 (헤이스트)
10303,화염의 혼 켈베로스,45,,결속의 던전: 화염,마법서 (이뮨 투 함) / 초록 물약 / 기술서 (쇼크 스턴) / 검은 혈흔 / 무기 마법 주문서 / 화룡 비늘 / 부활 주문서 / 대검 / 축복받은무기 마법 주문서 / 갑옷 마법 주문서 / 지혜의 물약 / 강화 초록 물약 / 축복받은갑옷 마법 주문서 / 정령의 수정 (이레이즈 매직) / 정령의 수정 (소울 오브 프레임)
12186,블루 하피,45,,풍룡의 둥지 / 아덴 대륙,정령의 수정 (스톰 샷) / 초록 물약 / 아데나 / 띠 갑옷 / 마법서 (홀리 워크)
588,이프리트,46,,화룡의 둥지 / 아덴 대륙,마법서 (파이어 스톰) / 마법서 (선 버스트) / 마법서 (파이어볼) / 정령의 수정 (트리플 애로우) / 사슬 갑옷 / 마법서 (캔슬레이션) / 마법서 (인챈트 마이티) / 일본도 / 축복받은일본도 / 고급 사파이어 / 아데나 / 고급 다이아몬드 / 판금 갑옷 / 화염의 활 / 최고급 루비 / 고급 루비 / 최고급 에메랄드 / 화염의 검 / 최고급 다이아몬드 / 최고급 사파이어 / 마법서 (인챈트 덱스터리티) / 파란 물약 / 무기 마법 주문서 / 고급 에메랄드 / 축복받은무기 마법 주문서 / 갑옷 마법 주문서 / 축복받은갑옷 마법 주문서 / 정령의 수정 (이레이즈 매직)
777,가스트 로드,46,,잊혀진 섬,잊혀진 가죽 갑옷 / 초록 물약 / 파란 물약 / 저주 풀기 주문서 / 주홍 물약 / 무기 마법 주문서 / 빨간 물약 / 용기의 물약 / 강철 원석 / 부활 주문서 / 지혜의 물약 / 갑옷 마법 주문서 / 맑은 물약 / 확인 주문서 / 항마의 반지 / 비취 물약 / 강화 초록 물약 / 엘븐 와퍼 / 흑단 막대 / 멸마의 반지
12179,자이언트,46,,황혼의 산맥 / 아덴 대륙,아데나 / 파란 물약 / 지혜의 물약 / 마법서 (블레스 웨폰) / 마법서 (마나 드레인) / 무기 마법 주문서
12187,마이노,46,,풍룡의 둥지 / 아덴 대륙,용기의 물약 / 대형 도끼 / 초록 물약 / 아데나 / 갑옷 마법 주문서 / 고급 다이아몬드
589,혼 켈베로스,47,,화룡의 둥지 / 아덴 대륙,마법서 (이뮨 투 함) / 초록 물약 / 기술서 (쇼크 스턴) / 검은 혈흔 / 무기 마법 주문서 / 화룡 비늘 / 부활 주문서 / 아데나 / 대검 / 축복받은무기 마법 주문서 / 갑옷 마법 주문서 / 지혜의 물약 / 강화 초록 물약 / 축복받은갑옷 마법 주문서 / 정령의 수정 (이레이즈 매직) / 정령의 수정 (소울 오브 프레임)
759,크로코다일,47,,잊혀진 섬,초록 물약 / 파란 물약 / 검은 혈흔 / 저주 풀기 주문서 / 주홍 물약 / 무기 마법 주문서 / 빨간 물약 / 용기의 물약 / 부활 주문서 / 잊혀진 판금 갑옷 / 지혜의 물약 / 갑옷 마법 주문서 / 맑은 물약 / 확인 주문서 / 항마의 반지 / 비취 물약 / 강화 초록 물약 / 엘븐 와퍼 / 흑단 막대 / 멸마의 반지
760,에틴,47,,잊혀진 섬,초록 물약 / 잊혀진 대검 / 파란 물약 / 저주 풀기 주문서 / 주홍 물약 / 무기 마법 주문서 / 빨간 물약 / 용기의 물약 / 강철 원석 / 부활 주문서 / 잊혀진 판금 갑옷 / 지혜의 물약 / 갑옷 마법 주문서 / 맑은 물약 / 확인 주문서 / 비취 물약 / 강화 초록 물약 / 엘븐 와퍼
827,다크 엘프,47,,잊혀진 섬,잊혀진 가죽 갑옷 / 초록 물약 / 파란 물약 / 저주 풀기 주문서 / 주홍 물약 / 무기 마법 주문서 / 빨간 물약 / 용기의 물약 / 부활 주문서 / 지혜의 물약 / 갑옷 마법 주문서 / 맑은 물약 / 확인 주문서 / 항마의 반지 / 비취 물약 / 강화 초록 물약 / 엘븐 와퍼 / 흑단 막대 / 멸마의 반지
12188,와이번,47,,풍룡의 둥지 / 아덴 대륙,최고급 에메랄드 / 정령의 수정 (스트라이커 게일) / 초록 물약 / 아데나 / 파란 물약 / 갑옷 마법 주문서 / 지혜의 물약 / 정령의 수정 (윈드 워크)
250,드레이크,48,,용의 계곡 / 아덴 대륙,초록 물약 / 정령의 수정 (트리플 애로우) / 마법서 (홀리 워크) / 루비 / 고급 사파이어 / 정령의 수정 (아이 오브 스톰) / 고급 다이아몬드 / 강화 초록 물약 / 최고급 루비 / 고급 루비 / 최고급 에메랄드 / 에메랄드 / 최고급 다이아몬드 / 최고급 사파이어 / 저주받은무기 마법 주문서 / 사파이어 / 마력의 돌 / 파란 물약 / 마법서 (어스 퀘이크) / 다이아몬드 / 고급 에메랄드 / 용기의 물약 / 저주받은갑옷 마법 주문서 / 부활 주문서 / 축복받은무기 마법 주문서 / 지혜의 물약 / 축복받은변신 주문서 / 축복받은갑옷 마법 주문서 / 정령의 수정 (이레이즈 매직)
756,도펠갱어,48,,잊혀진 섬,초록 물약 / 파란 물약 / 고대의 주문서 / 검은 혈흔 / 저주 풀기 주문서 / 주홍 물약 / 무기 마법 주문서 / 빨간 물약 / 용기의 물약 / 부활 주문서 / 지혜의 물약 / 갑옷 마법 주문서 / 맑은 물약 / 확인 주문서 / 비취 물약 / 강화 초록 물약 / 엘븐 와퍼 / 흑단 막대
763,바실리스크,48,,잊혀진 섬,초록 물약 / 파란 물약 / 고대의 주문서 / 저주 풀기 주문서 / 주홍 물약 / 무기 마법 주문서 / 빨간 물약 / 용기의 물약 / 부활 주문서 / 잊혀진 검 / 잊혀진 로브 / 지혜의 물약 / 갑옷 마법 주문서 / 맑은 물약 / 확인 주문서 / 비취 물약 / 강화 초록 물약 / 엘븐 와퍼
768,미노타우르스,48,,잊혀진 섬,초록 물약 / 파란 물약 / 고대의 주문서 / 저주 풀기 주문서 / 잊혀진 비늘 갑옷 / 주홍 물약 / 무기 마법 주문서 / 빨간 물약 / 용기의 물약 / 강철 원석 / 부활 주문서 / 지혜의 물약 / 갑옷 마법 주문서 / 맑은 물약 / 확인 주문서 / 비취 물약 / 강화 초록 물약 / 엘븐 와퍼 / 흑단 막대
12178,자이언트,48,,황혼의 산맥 / 아덴 대륙,용기의 물약 / 초록 물약 / 아데나 / 기술서 (쇼크 스턴) / 기술서 (바운스 어택) / 갑옷 마법 주문서 / 판금 갑옷 / 기술서 (리덕션 아머) / 무기 마법 주문서
766,드레이크,49,,잊혀진 섬,잊혀진 가죽 갑옷 / 초록 물약 / 파란 물약 / 고대의 주문서 / 검은 혈흔 / 저주 풀기 주문서 / 잊혀진 보우건 / 주홍 물약 / 무기 마법 주문서 / 빨간 물약 / 용기의 물약 / 부활 주문서 / 지혜의 물약 / 갑옷 마법 주문서 / 소환 조종 반지 / 맑은 물약 / 확인 주문서 / 항마의 반지 / 비취 물약 / 강화 초록 물약 / 엘븐 와퍼 / 흑단 막대 / 멸마의 반지
769,미노타우르스,49,,잊혀진 섬,초록 물약 / 파란 물약 / 고대의 주문서 / 저주 풀기 주문서 / 주홍 물약 / 무기 마법 주문서 / 빨간 물약 / 용기의 물약 / 강철 원석 / 부활 주문서 / 잊혀진 판금 갑옷 / 지혜의 물약 / 갑옷 마법 주문서 / 맑은 물약 / 확인 주문서 / 항마의 반지 / 비취 물약 / 강화 초록 물약 / 엘븐 와퍼 / 멸마의 반지
12191,유니 드래곤,49,,풍룡의 둥지 / 아덴 대륙,아데나 / 축복받은무기 마법 주문서 / 갑옷 마법 주문서 / 풍룡 비늘 / 축복받은갑옷 마법 주문서 / 고급 에메랄드 / 무기 마법 주문서
24,바포메트,50,,말하는 섬 던전 2층,마법서 (카운터 매직) / 마법서 (테이밍 몬스터) / 낡은 영혼의 벨트 / 초록 물약 / 순간이동 조종 반지 / 저주받은판금 갑옷 / 일본도 / 매력의 목걸이 / 축복받은일본도 / 금빛 열쇠 / 신체의 벨트 / 고급 사파이어 / 장갑 / 아데나 / 영혼의 벨트 / 마법서 (어스 재일) / 고급 다이아몬드 / 판금 갑옷 / 강화 초록 물약 / 마법서 (이럽션) / 투명 망토 / 바포메트의 지팡이 / 낡은 신체의 벨트 / 최고급 에메랄드 / 에메랄드 / 최고급 다이아몬드 / 최고급 사파이어 / 마법서 (위크니스) / 마력의 돌 / 정령옥 / 마법서 (블레스 웨폰) / 마법서 (어스 퀘이크) / 정령의 수정 (브레스 오브 파이어) / 무기 마법 주문서 / 다이아몬드 / 고급 에메랄드 / 용기의 물약 / 부활 주문서 / 축복받은무기 마법 주문서 / 마법서 (서먼 몬스터) / 갑옷 마법 주문서 / 지혜의 물약 / 양손검 / 저주받은양손검 / 축복받은갑옷 마법 주문서
216,베레스,50,,윈다우드 성 던전 2층,마법서 (선 버스트) / 낡은 영혼의 벨트 / 초록 물약 / 순간이동 조종 반지 / 루비 / 지혜의 목걸이 / 일본도 / 축복받은판금 갑옷 / 축복받은일본도 / 신체의 벨트 / 아데나 / 마법서 (그레이터 힐) / 베레스의 지팡이 / 정령의 수정 (아이 오브 스톰) / 영혼의 벨트 / 고급 다이아몬드 / 판금 갑옷 / 강화 초록 물약 / 최고급 루비 / 낡은 신체의 벨트 / 고급 루비 / 최고급 다이아몬드 / 파란 물약 / 마력의 돌 / 정령옥 / 무기 마법 주문서 / 다이아몬드 / 용기의 물약 / 축복받은무기 마법 주문서 / 축복받은양손검 / 갑옷 마법 주문서 / 지혜의 물약 / 양손검 / 마법서 (디지즈) / 축복받은갑옷 마법 주문서
282,흑장로,50,,용의 계곡 / 아덴 대륙,마법서 (테이밍 몬스터) / 저주받은무기 마법 주문서 / 마나 수정구 / 마법서 (콜 라이트닝) / 정령의 수정 (네이쳐스 터치) / 파란 물약 / 마력의 돌 / 정령옥 / 저주 풀기 주문서 / 흑장로의 샌달 / 마법서 (인챈트 마이티) / 정령의 수정 (블러드 투 소울) / 축복받은장갑 / 정신의 벨트 / 저주받은갑옷 마법 주문서 / 축복받은저주 풀기 주문서 / 마법서 (콘 오브 콜드) / 마법 망토 / 단풍나무 막대 / 흑장로의 로브 / 축복받은순간이동 주문서
885,도펠겡어 보스,50,,하이네 / 아덴 대륙,초록 물약 / 마법서 (파이어볼) / 청동 판금 갑옷 / 마법서 (인챈트 마이티) / 변신 주문서 / 아데나 / 단풍나무 막대 / 마법 망토 / 힘의 지팡이 / 마법사의 지팡이 / 강화 초록 물약 / 기술서 (리덕션 아머) / 마법서 (헤이스트) / 파란 물약 / 기술서 (쇼크 스턴) / 무기 마법 주문서 / 용기의 물약 / 부활 주문서 / 축복받은무기 마법 주문서 / 축복받은양손검 / 마법서 (서먼 몬스터) / 기술서 (솔리드 캐리지) / 지혜의 물약 / 갑옷 마법 주문서 / 기술서 (바운스 어택) / 축복받은갑옷 마법 주문서 / 정령의 수정 (이레이즈 매직)
10020,타락한 스피리드,50,,타락한 축복의 땅의 여름,아데나
10266,어둠의 바포메트,50,,,마법서 (카운터 매직) / 마법서 (테이밍 몬스터) / 낡은 영혼의 벨트 / 초록 물약 / 순간이동 조종 반지 / 저주받은판금 갑옷 / 일본도 / 매력의 목걸이 / 축복받은일본도 / 신체의 벨트 / 고급 사파이어 / 장갑 / 영혼의 벨트 / 마법서 (어스 재일) / 고급 다이아몬드 / 판금 갑옷 / 강화 초록 물약 / 마법서 (이럽션) / 투명 망토 / 바포메트의 지팡이 / 낡은 신체의 벨트 / 최고급 에메랄드 / 에메랄드 / 최고급 다이아몬드 / 최고급 사파이어 / 마법서 (위크니스) / 마력의 돌 / 정령옥 / 마법서 (블레스 웨폰) / 마법서 (어스 퀘이크) / 정령의 수정 (브레스 오브 파이어) / 무기 마법 주문서 / 다이아몬드 / 고급 에메랄드 / 용기의 물약 / 부활 주문서 / 축복받은무기 마법 주문서 / 마법서 (서먼 몬스터) / 갑옷 마법 주문서 / 지혜의 물약 / 양손검 / 저주받은양손검 / 축복받은갑옷 마법 주문서
10267,어둠의 베레스,50,,,마법서 (선 버스트) / 낡은 영혼의 벨트 / 초록 물약 / 순간이동 조종 반지 / 루비 / 지혜의 목걸이 / 일본도 / 축복받은판금 갑옷 / 축복받은일본도 / 신체의 벨트 / 마법서 (그레이터 힐) / 베레스의 지팡이 / 정령의 수정 (아이 오브 스톰) / 영혼의 벨트 / 고급 다이아몬드 / 판금 갑옷 / 강화 초록 물약 / 최고급 루비 / 낡은 신체의 벨트 / 고급 루비 / 최고급 다이아몬드 / 파란 물약 / 마력의 돌 / 정령옥 / 무기 마법 주문서 / 다이아몬드 / 용기의 물약 / 축복받은무기 마법 주문서 / 축복받은양손검 / 갑옷 마법 주문서 / 지혜의 물약 / 양손검 / 마법서 (디지즈) / 축복받은갑옷 마법 주문서
12192,테라 드래곤,50,,풍룡의 둥지 / 아덴 대륙,마법서 (토네이도) / 최고급 에메랄드 / 아데나 / 축복받은무기 마법 주문서 / 갑옷 마법 주문서 / 풍룡 비늘 / 축복받은갑옷 마법 주문서 / 무기 마법 주문서
16,커츠,51,,말하는 섬,커츠의 투구 / 청동 판금 갑옷 / 커츠의 갑옷 / 티셔츠 / 일본도 / 장갑 / 순간이동 주문서 / 커츠의 장갑 / 아데나 / 보호 망토 / 큰 방패 / 마법서 (버서커스) / 기술서 (리덕션 아머) / 축복받은청동 판금 갑옷 / 장검 / 커츠의 부츠 / 파란 물약 / 기술서 (쇼크 스턴) / 반사 방패 / 무기 마법 주문서 / 용기의 물약 / 은기사의 방패 / 부활 주문서 / 부츠 / 축복받은양손검 / 기술서 (솔리드 캐리지) / 갑옷 마법 주문서 / 기술서 (바운스 어택)
10264,어둠의 커츠,51,,,커츠의 투구 / 청동 판금 갑옷 / 커츠의 갑옷 / 티셔츠 / 일본도 / 장갑 / 순간이동 주문서 / 커츠의 장갑 / 보호 망토 / 큰 방패 / 마법서 (버서커스) / 기술서 (리덕션 아머) / 축복받은청동 판금 갑옷 / 장검 / 커츠의 부츠 / 파란 물약 / 기술서 (쇼크 스턴) / 반사 방패 / 무기 마법 주문서 / 용기의 물약 / 은기사의 방패 / 부활 주문서 / 부츠 / 축복받은양손검 / 기술서 (솔리드 캐리지) / 갑옷 마법 주문서 / 기술서 (바운스 어택)
63,데스나이트,52,,글루디오 던전 5층 / 글루디오 던전 6층 / 글루디오 던전 7층,마법서 (토네이도) / 마법서 (선 버스트) / 변신 조종 반지 / 낡은 영혼의 벨트 / 데스나이트의 갑옷 / 마법서 (리절렉션) / 초록 물약 / 데스나이트의 투구 / 데스나이트의 장갑 / 일본도 / 축복받은판금 갑옷 / 축복받은일본도 / 완력의 목걸이 / 장갑 / 마법서 (어드밴스 스피릿) / 아데나 / 영혼의 벨트 / 고급 다이아몬드 / 판금 갑옷 / 강화 초록 물약 / 투명 망토 / 데스나이트의 부츠 / 최고급 다이아몬드 / 마력의 돌 / 무기 마법 주문서 / 정신의 벨트 / 다이아몬드 / 마법서 (크리에이트 좀비) / 용기의 물약 / 저주받은악운의 단검 / 부활 주문서 / 축복받은무기 마법 주문서 / 축복받은양손검 / 기술서 (솔리드 캐리지) / 갑옷 마법 주문서 / 지혜의 물약 / 양손검 / 저주받은양손검 / 마법서 (디지즈) / 축복받은갑옷 마법 주문서 / 낡은 정신의 벨트
10263,어둠의 데스나이트,52,,,마법서 (토네이도) / 마법서 (선 버스트) / 변신 조종 반지 / 낡은 영혼의 벨트 / 데스나이트의 갑옷 / 마법서 (리절렉션) / 초록 물약 / 데스나이트의 투구 / 데스나이트의 장갑 / 일본도 / 축복받은판금 갑옷 / 축복받은일본도 / 완력의 목걸이 / 장갑 / 마법서 (어드밴스 스피릿) / 영혼의 벨트 / 고급 다이아몬드 / 판금 갑옷 / 강화 초록 물약 / 투명 망토 / 데스나이트의 부츠 / 최고급 다이아몬드 / 마력의 돌 / 무기 마법 주문서 / 정신의 벨트 / 다이아몬드 / 마법서 (크리에이트 좀비) / 용기의 물약 / 저주받은악운의 단검 / 부활 주문서 / 축복받은무기 마법 주문서 / 축복받은양손검 / 기술서 (솔리드 캐리지) / 갑옷 마법 주문서 / 지혜의 물약 / 양손검 / 저주받은양손검 / 마법서 (디지즈) / 축복받은갑옷 마법 주문서 / 낡은 정신의 벨트
891,키메라,53,,오만의 탑 3층 / 오만의 탑 4층 / 오만의 탑 5층 / 오만의 탑 7층 / 오만의 탑 8층 / 오만의 탑 9층 / 오만의 탑 10층,오만의 탑 11층 이동 주문서 / 초록 물약 / 빈 주문서(레벨 1) / 빈 주문서(레벨 3) / 저주 풀기 주문서 / 빈 주문서(레벨 2) / 마법서 (마나 드레인) / 주홍 물약 / 빨간 물약 / 용기의 물약 / 오만의 탑 1층 이동 주문서 / 부활 주문서 / 지혜의 물약 / 맑은 물약 / 확인 주문서 / 비취 물약 / 강화 초록 물약 / 흑단 막대
1025,변종 웅골리언트,55,,오만의 탑 2층 / 오만의 탑 3층 / 오만의 탑 4층,오만의 탑 1층 이동 주문서 / 오만의 탑 11층 이동 주문서 / 초록 물약 / 갑옷 마법 주문서 / 축복받은순간이동 주문서 / 비취 물약 / 강화 초록 물약 / 무기 마법 주문서
1026,변종 라미아,55,,오만의 탑 2층 / 오만의 탑 3층 / 오만의 탑 4층,오만의 탑 1층 이동 주문서 / 부활 주문서 / 오만의 탑 11층 이동 주문서 / 빛나는 비늘 / 파란 물약 / 저주 풀기 주문서 / 축복받은순간이동 주문서 / 비취 물약 / 무기 마법 주문서
10307,화염의 바포메트,55,,,마법서 (카운터 매직) / 마법서 (테이밍 몬스터) / 낡은 영혼의 벨트 / 초록 물약 / 순간이동 조종 반지 / 저주받은판금 갑옷 / 일본도 / 매력의 목걸이 / 축복받은일본도 / 신체의 벨트 / 고급 사파이어 / 장갑 / 영혼의 벨트 / 마법서 (어스 재일) / 고급 다이아몬드 / 판금 갑옷 / 강화 초록 물약 / 마법서 (이럽션) / 투명 망토 / 바포메트의 지팡이 / 낡은 신체의 벨트 / 최고급 에메랄드 / 에메랄드 / 최고급 다이아몬드 / 최고급 사파이어 / 마법서 (위크니스) / 마력의 돌 / 정령옥 / 마법서 (블레스 웨폰) / 마법서 (어스 퀘이크) / 정령의 수정 (브레스 오브 파이어) / 무기 마법 주문서 / 다이아몬드 / 고급 에메랄드 / 용기의 물약 / 부활 주문서 / 축복받은무기 마법 주문서 / 마법서 (서먼 몬스터) / 갑옷 마법 주문서 / 지혜의 물약 / 양손검 / 저주받은양손검 / 축복받은갑옷 마법 주문서
10308,화염의 베레스,55,,,마법서 (선 버스트) / 낡은 영혼의 벨트 / 초록 물약 / 순간이동 조종 반지 / 루비 / 지혜의 목걸이 / 일본도 / 축복받은판금 갑옷 / 축복받은일본도 / 신체의 벨트 / 마법서 (그레이터 힐) / 베레스의 지팡이 / 정령의 수정 (아이 오브 스톰) / 영혼의 벨트 / 고급 다이아몬드 / 판금 갑옷 / 강화 초록 물약 / 최고급 루비 / 낡은 신체의 벨트 / 고급 루비 / 최고급 다이아몬드 / 파란 물약 / 마력의 돌 / 정령옥 / 무기 마법 주문서 / 다이아몬드 / 용기의 물약 / 축복받은무기 마법 주문서 / 축복받은양손검 / 갑옷 마법 주문서 / 지혜의 물약 / 양손검 / 마법서 (디지즈) / 축복받은갑옷 마법 주문서
710,얼음 여왕,56,,얼음 수정 동굴 3층,마법서 (파이어 스톰) / 마법서 (카운터 매직) / 낡은 영혼의 벨트 / 초록 물약 / 정령의 수정 (네이쳐스 터치) / 마법서 (사일런스) / 정령의 수정 (폴루트 워터) / 순간이동 조종 반지 / 사슬 갑옷 / 지혜의 목걸이 / 정령의 수정 (워터 라이프) / 아데나 / 지식의 목걸이 / 축복받은순간이동 주문서 / 영혼의 벨트 / 고급 다이아몬드 / 강화 초록 물약 / 정령의 수정 (윈드 워크) / 투명 망토 / 수정 장갑 / 마나 수정구 / 마력의 돌 / 정령옥 / 파란 물약 / 정령의 수정 (아이언 스킨) / 마법서 (인비지블리티) / 무기 마법 주문서 / 정신의 벨트 / 다이아몬드 / 정령의 수정 (네이쳐스 블레싱) / 부활 주문서 / 얼음 여왕의 지팡이 / 마법서 (매스 텔레포트) / 축복받은무기 마법 주문서 / 마법서 (서먼 몬스터) / 갑옷 마법 주문서 / 지혜의 물약 / 축복받은갑옷 마법 주문서 / 낡은 정신의 벨트 / 마법서 (다크니스)
897,메두사,56,,오만의 탑 2층 / 오만의 탑 3층 / 오만의 탑 4층 / 오만의 탑 5층 / 오만의 탑 7층 / 오만의 탑 8층 / 오만의 탑 9층 / 오만의 탑 10층,소나무 막대 / 저주받은무기 마법 주문서 / 마법서 (이뮨 투 함) / 마법서 (위크니스) / 오만의 탑 11층 이동 주문서 / 반사 방패 / 저주 풀기 주문서 / 마법서 (캔슬레이션) / 매력의 목걸이 / 무기 마법 주문서 / 미늘 갑옷 / 저주받은갑옷 마법 주문서 / 오만의 탑 1층 이동 주문서 / 순간이동 주문서 / 부활 주문서 / 축복받은무기 마법 주문서 / 지혜의 물약 / 갑옷 마법 주문서 / 메두사 방패 / 마법서 (디지즈) / 축복받은갑옷 마법 주문서
10305,화염의 커츠,56,,,커츠의 투구 / 청동 판금 갑옷 / 커츠의 갑옷 / 티셔츠 / 일본도 / 장갑 / 순간이동 주문서 / 커츠의 장갑 / 보호 망토 / 큰 방패 / 마법서 (버서커스) / 기술서 (리덕션 아머) / 축복받은청동 판금 갑옷 / 장검 / 커츠의 부츠 / 파란 물약 / 기술서 (쇼크 스턴) / 반사 방패 / 무기 마법 주문서 / 용기의 물약 / 은기사의 방패 / 부활 주문서 / 부츠 / 축복받은양손검 / 기술서 (솔리드 캐리지) / 갑옷 마법 주문서 / 기술서 (바운스 어택)
454,거대 여왕 개미,57,,개미굴 던전 2층,마법서 (테이밍 몬스터) / 초록 물약 / 사슬 갑옷 / 루비 / 일본도 / 축복받은판금 갑옷 / 축복받은일본도 / 신체의 벨트 / 아데나 / 마법서 (그레이터 힐) / 마법서 (어스 재일) / 판금 갑옷 / 강화 초록 물약 / 마법서 (이럽션) / 최고급 루비 / 낡은 신체의 벨트 / 고급 루비 / 체력의 목걸이 / 최고급 에메랄드 / 에메랄드 / 마법서 (디케이 포션) / 마력의 돌 / 정령옥 / 파란 물약 / 무기 마법 주문서 / 고급 에메랄드 / 용기의 물약 / 마법서 (힐 올) / 마법의 투구: 힘 / 축복받은무기 마법 주문서 / 갑옷 마법 주문서 / 지혜의 물약 / 마법서 (그레이터 헤이스트) / 축복받은갑옷 마법 주문서 / 정령의 수정 (이레이즈 매직) / 마법서 (다크니스)
10304,화염의 데스나이트,57,,,마법서 (토네이도) / 마법서 (선 버스트) / 변신 조종 반지 / 낡은 영혼의 벨트 / 데스나이트의 갑옷 / 마법서 (리절렉션) / 초록 물약 / 데스나이트의 투구 / 데스나이트의 장갑 / 일본도 / 축복받은판금 갑옷 / 축복받은일본도 / 완력의 목걸이 / 장갑 / 마법서 (어드밴스 스피릿) / 영혼의 벨트 / 고급 다이아몬드 / 판금 갑옷 / 강화 초록 물약 / 투명 망토 / 데스나이트의 부츠 / 최고급 다이아몬드 / 마력의 돌 / 무기 마법 주문서 / 정신의 벨트 / 다이아몬드 / 마법서 (크리에이트 좀비) / 용기의 물약 / 저주받은악운의 단검 / 부활 주문서 / 축복받은무기 마법 주문서 / 축복받은양손검 / 기술서 (솔리드 캐리지) / 갑옷 마법 주문서 / 지혜의 물약 / 양손검 / 저주받은양손검 / 마법서 (디지즈) / 축복받은갑옷 마법 주문서 / 낡은 정신의 벨트
1331,코카트리스,58,,오만의 탑 5층 / 오만의 탑 7층 / 오만의 탑 8층 / 오만의 탑 9층 / 오만의 탑 10층,용기의 물약 / 강철 원석 / 오만의 탑 1층 이동 주문서 / 오만의 탑 11층 이동 주문서 / 초록 물약 / 지혜의 물약 / 빈 주문서(레벨 3) / 기술서 (바운스 어택) / 축복받은순간이동 주문서 / 강화 초록 물약 / 흑단 막대
12180,에이션트 자이언트,58,,황혼의 산맥 / 아덴 대륙,마법서 (카운터 매직) / 낡은 영혼의 벨트 / 초록 물약 / 마법서 (사일런스) / 지혜의 목걸이 / 일본도 / 축복받은판금 갑옷 / 에이션트 자이언트의 반지 / 축복받은일본도 / 장갑 / 아데나 / 대검 / 타이탄의 벨트 / 영혼의 벨트 / 고급 다이아몬드 / 판금 갑옷 / 강화 초록 물약 / 기술서 (리덕션 아머) / 마법서 (메디테이션) / 정령의 수정 (인탱글) / 최고급 다이아몬드 / 파란 물약 / 정령의 수정 (아이언 스킨) / 마법서 (마나 드레인) / 정령의 수정 (블레스 오브 어스) / 낡은 지혜의 목걸이 / 다이아몬드 / 무기 마법 주문서 / 용기의 물약 / 축복받은무기 마법 주문서 / 갑옷 마법 주문서 / 지혜의 물약 / 기술서 (바운스 어택) / 축복받은대검 / 마법서 (그레이터 헤이스트) / 축복받은갑옷 마법 주문서
590,피닉스,59,,화룡의 둥지 / 아덴 대륙,마법서 (파이어 스톰) / 마법서 (선 버스트) / 변신 조종 반지 / 낡은 영혼의 벨트 / 초록 물약 / 축복받은낡은 정신의 벨트 / 사슬 갑옷 / 일본도 / 축복받은일본도 / 완력의 목걸이 / 정령의 수정 (스트라이커 게일) / 아데나 / 영혼의 벨트 / 판금 갑옷 / 강화 초록 물약 / 화염의 활 / 투명 망토 / 최고급 루비 / 화염의 검 / 마법서 (이뮨 투 함) / 마법서 (포그 오브 슬리핑) / 마법서 (미티어 스트라이크) / 파란 물약 / 정령의 수정 (브레스 오브 파이어) / 무기 마법 주문서 / 정신의 벨트 / 축복받은부활 주문서 / 용기의 물약 / 부활 주문서 / 축복받은무기 마법 주문서 / 갑옷 마법 주문서 / 지혜의 물약 / 싸울아비 장검 / 민첩의 목걸이 / 축복받은갑옷 마법 주문서
1028,사악한 미믹,59,,오만의 탑 11층 / 오만의 탑 12층 / 오만의 탑 13층 / 오만의 탑 14층 / 오만의 탑 15층,용기의 물약 / 오만의 탑 11층 이동 주문서 / 초록 물약 / 마법서 (인챈트 덱스터리티) / 빈 주문서(레벨 1) / 파란 물약 / 갑옷 마법 주문서 / 빈 주문서(레벨 2) / 투구 / 마법서 (인챈트 마이티)
1410,서큐버스,59,,오만의 탑 11층 / 오만의 탑 12층 / 오만의 탑 13층 / 오만의 탑 14층 / 오만의 탑 15층 / 오만의 탑 17층 / 오만의 탑 18층 / 오만의 탑 19층 / 오만의 탑 20층,마법서 (크리에이트 좀비) / 마법서 (아이스 랜스) / 변신 조종 반지 / 오만의 탑 11층 이동 주문서 / 정령의 수정 (네이쳐스 터치) / 마법서 (서먼 몬스터) / 마법서 (콘 오브 콜드) / 빈 주문서(레벨 4)
10309,화염의 피닉스,59,,,마법서 (파이어 스톰) / 마법서 (선 버스트) / 변신 조종 반지 / 낡은 영혼의 벨트 / 초록 물약 / 축복받은낡은 정신의 벨트 / 사슬 갑옷 / 일본도 / 축복받은일본도 / 완력의 목걸이 / 정령의 수정 (스트라이커 게일) / 영혼의 벨트 / 판금 갑옷 / 강화 초록 물약 / 화염의 활 / 투명 망토 / 최고급 루비 / 화염의 검 / 마법서 (이뮨 투 함) / 마법서 (포그 오브 슬리핑) / 마법서 (미티어 스트라이크) / 파란 물약 / 정령의 수정 (브레스 오브 파이어) / 무기 마법 주문서 / 정신의 벨트 / 축복받은부활 주문서 / 용기의 물약 / 부활 주문서 / 축복받은무기 마법 주문서 / 갑옷 마법 주문서 / 지혜의 물약 / 싸울아비 장검 / 민첩의 목걸이 / 축복받은갑옷 마법 주문서
1039,제니스 퀸,60,,오만의 탑 10층,봉인된 오만의 탑 1층 이동 부적 / 마법서 (슬로우) / 초록 물약 / 제니스의 반지 / 정령의 수정 (트리플 애로우) / 사슬 갑옷 / 일본도 / 축복받은판금 갑옷 / 마법서 (어드밴스 스피릿) / 아데나 / 판금 갑옷 / 강화 초록 물약 / 투명 망토 / 수정 갑옷 / 마법서 (디케이 포션) / 마법서 (위크니스) / 마법서 (포그 오브 슬리핑) / 파란 물약 / 무기 마법 주문서 / 정신의 벨트 / 축복받은부활 주문서 / 파워 글로브 / 용기의 물약 / 부활 주문서 / 축복받은무기 마법 주문서 / 축복받은양손검 / 갑옷 마법 주문서 / 지혜의 물약 / 싸울아비 장검 / 양손검 / 마법서 (디지즈) / 축복받은갑옷 마법 주문서 / 낡은 정신의 벨트 / 마법서 (다크니스)
332,데몬,61,,상아탑 8층,마법서 (파이어 스톰) / 변신 조종 반지 / 낡은 영혼의 벨트 / 초록 물약 / 사슬 갑옷 / 일본도 / 사이하의 활 / 축복받은판금 갑옷 / 완력의 목걸이 / 악운의 단검 / 아데나 / 정령의 수정 (버닝 웨폰) / 지식의 목걸이 / 영혼의 벨트 / 고급 다이아몬드 / 판금 갑옷 / 강화 초록 물약 / 투명 망토 / 최고급 루비 / 정령의 수정 (소울 오브 프레임) / 소나무 막대 / 최고급 다이아몬드 / 마법서 (이뮨 투 함) / 데몬의 지팡이 / 파란 물약 / 무기 마법 주문서 / 정신의 벨트 / 축복받은부활 주문서 / 파워 글로브 / 용기의 물약 / 부활 주문서 / 축복받은무기 마법 주문서 / 축복받은양손검 / 갑옷 마법 주문서 / 지혜의 물약 / 싸울아비 장검 / 달의 장궁 / 축복받은갑옷 마법 주문서 / 낡은 정신의 벨트
895,댄싱 소드,61,,오만의 탑 17층 / 오만의 탑 18층 / 오만의 탑 19층 / 오만의 탑 20층,오만의 탑 11층 이동 주문서 / 언월도 / 지혜의 물약 / 정령의 수정 (아이 오브 스톰) / 빈 주문서(레벨 4) / 정령의 수정 (블러드 투 소울)
1027,사악한 비홀더,61,,오만의 탑 15층 / 오만의 탑 17층 / 오만의 탑 18층 / 오만의 탑 19층 / 오만의 탑 20층,저주받은무기 마법 주문서 / 마법서 (위크니스) / 오만의 탑 11층 이동 주문서 / 파란 물약 / 정령의 수정 (리턴 투 네이처) / 지혜의 물약 / 마법서 (라이트닝 스톰) / 마법서 (디지즈) / 무기 마법 주문서
10265,어둠의 데몬,61,,,마법서 (파이어 스톰) / 변신 조종 반지 / 낡은 영혼의 벨트 / 초록 물약 / 사슬 갑옷 / 일본도 / 사이하의 활 / 축복받은판금 갑옷 / 완력의 목걸이 / 악운의 단검 / 정령의 수정 (버닝 웨폰) / 지식의 목걸이 / 영혼의 벨트 / 고급 다이아몬드 / 판금 갑옷 / 강화 초록 물약 / 투명 망토 / 최고급 루비 / 정령의 수정 (소울 오브 프레임) / 소나무 막대 / 최고급 다이아몬드 / 마법서 (이뮨 투 함) / 데몬의 지팡이 / 파란 물약 / 무기 마법 주문서 / 정신의 벨트 / 축복받은부활 주문서 / 파워 글로브 / 용기의 물약 / 부활 주문서 / 축복받은무기 마법 주문서 / 축복받은양손검 / 갑옷 마법 주문서 / 지혜의 물약 / 싸울아비 장검 / 달의 장궁 / 축복받은갑옷 마법 주문서 / 낡은 정신의 벨트
1041,시어,62,,오만의 탑 20층,초록 물약 / 일본도 / 축복받은판금 갑옷 / 고급 사파이어 / 아데나 / 정령의 수정 (버닝 웨폰) / 봉인된 오만의 탑 11층 이동 부적 / 지식의 목걸이 / 마법서 (라이트닝 스톰) / 판금 갑옷 / 강화 초록 물약 / 투명 망토 / 수정 갑옷 / 정령의 수정 (스톰 샷) / 최고급 사파이어 / 마법서 (이뮨 투 함) / 사파이어 / 파란 물약 / 마법서 (마나 드레인) / 정령의 수정 (블러드 투 소울) / 무기 마법 주문서 / 정신의 벨트 / 축복받은부활 주문서 / 파워 글로브 / 용기의 물약 / 부활 주문서 / 시어의 심안 / 축복받은무기 마법 주문서 / 축복받은양손검 / 갑옷 마법 주문서 / 지혜의 물약 / 싸울아비 장검 / 마법서 (뱀파이어릭 터치) / 양손검 / 마법서 (디지즈) / 축복받은갑옷 마법 주문서 / 낡은 정신의 벨트
889,다이어울프,64,,오만의 탑 11층 / 오만의 탑 12층 / 오만의 탑 13층 / 오만의 탑 14층 / 오만의 탑 15층 / 오만의 탑 17층 / 오만의 탑 18층 / 오만의 탑 19층 / 오만의 탑 20층,오만의 탑 11층 이동 주문서 / 초록 물약 / 파란 물약 / 기술서 (솔리드 캐리지) / 지혜의 물약 / 맑은 물약 / 축복받은순간이동 주문서 / 강화 초록 물약 / 기술서 (리덕션 아머)
10306,화염의 데몬,66,,,마법서 (파이어 스톰) / 변신 조종 반지 / 낡은 영혼의 벨트 / 초록 물약 / 사슬 갑옷 / 일본도 / 사이하의 활 / 축복받은판금 갑옷 / 완력의 목걸이 / 악운의 단검 / 정령의 수정 (버닝 웨폰) / 지식의 목걸이 / 영혼의 벨트 / 고급 다이아몬드 / 판금 갑옷 / 강화 초록 물약 / 투명 망토 / 최고급 루비 / 정령의 수정 (소울 오브 프레임) / 소나무 막대 / 최고급 다이아몬드 / 마법서 (이뮨 투 함) / 데몬의 지팡이 / 파란 물약 / 무기 마법 주문서 / 정신의 벨트 / 축복받은부활 주문서 / 파워 글로브 / 용기의 물약 / 부활 주문서 / 축복받은무기 마법 주문서 / 축복받은양손검 / 갑옷 마법 주문서 / 지혜의 물약 / 싸울아비 장검 / 달의 장궁 / 축복받은갑옷 마법 주문서 / 낡은 정신의 벨트
902,케레니스,72,,아덴 대륙,풍령의 반지 / 수령의 반지 / 지혜의 목걸이 / 정신의 벨트 / 반왕의 건틀릿 / 지식의 목걸이 / 케레니스의 로브 / 마법 망토 / 마법사 옷 / 화령의 반지 / 지령의 반지 / 마법사 모자 / 케레니스의 장갑 / 투명 망토
971,켄 라우헬,75,,아덴 대륙,체력의 목걸이 / 수정 갑옷 / 케레니스의 부츠 / 사각 방패 / 티셔츠 / 마법의 투구: 신속 / 완력의 목걸이 / 신체의 벨트 / 반왕의 갑옷 / 장갑 / 마법의 투구: 힘 / 보호 망토 / 부츠 / 싸울아비 장검 / 마법의 투구: 치유 / 반왕의 부츠
327,안타라스,93,,용의 계곡 던전 7층,변신 조종 반지 / 축복받은투명 망토 / 낡은 영혼의 벨트 / 마법서 (인챈트 마이티) / 신체의 벨트 / 장갑 / 아데나 / 지룡 비늘 / 고급 다이아몬드 / 판금 갑옷 / 강화 초록 물약 / 마법서 (이럽션) / 투명 망토 / 낡은 신체의 벨트 / 체력의 목걸이 / 최고급 에메랄드 / 소나무 막대 / 최고급 다이아몬드 / 마력의 돌 / 정신의 벨트 / 고급 에메랄드 / 마법서 (웨폰 브레이크) / 기술서 (카운터 배리어) / 마법서 (힐 올) / 마법서 (매스 텔레포트) / 축복받은무기 마법 주문서 / 마법서 (서먼 몬스터) / 싸울아비 장검 / 축복받은갑옷 마법 주문서 / 마법서 (테이밍 몬스터) / 마법서 (슬로우) / 마법서 (리절렉션) / 초록 물약 / 순간이동 조종 반지 / 일본도 / 지혜의 목걸이 / 지룡 비늘 갑옷 / 축복받은일본도 / 단풍나무 막대 / 영혼의 벨트 / 축복받은싸울아비 장검 / 에메랄드 / 저주받은무기 마법 주문서 / 파란 물약 / 무기 마법 주문서 / 다이아몬드 / 용기의 물약 / 저주받은갑옷 마법 주문서 / 갑옷 마법 주문서 / 지혜의 물약 / 낡은 정신의 벨트
499,파푸리온,93,,파푸리온 둥지,변신 조종 반지 / 마법서 (블리자드) / 축복받은투명 망토 / 낡은 영혼의 벨트 / 마법서 (슬로우) / 마법서 (리절렉션) / 초록 물약 / 순간이동 조종 반지 / 마법서 (리무브 커스) / 일본도 / 축복받은판금 갑옷 / 매력의 목걸이 / 수룡 비늘 / 축복받은일본도 / 신체의 벨트 / 고급 사파이어 / 장갑 / 아데나 / 정령의 수정 (레지스트 엘리멘트) / 단풍나무 막대 / 영혼의 벨트 / 고급 다이아몬드 / 강화 초록 물약 / 축복받은싸울아비 장검 / 투명 망토 / 낡은 신체의 벨트 / 소나무 막대 / 저주받은무기 마법 주문서 / 최고급 다이아몬드 / 최고급 사파이어 / 수룡 비늘 갑옷 / 사파이어 / 마력의 돌 / 파란 물약 / 정신의 벨트 / 무기 마법 주문서 / 다이아몬드 / 용기의 물약 / 저주받은갑옷 마법 주문서 / 마법서 (힐 올) / 축복받은무기 마법 주문서 / 마법서 (서먼 몬스터) / 갑옷 마법 주문서 / 지혜의 물약 / 싸울아비 장검 / 민첩의 목걸이 / 낡은 정신의 벨트 / 축복받은갑옷 마법 주문서
621,발라카스,95,,,변신 조종 반지 / 축복받은투명 망토 / 낡은 영혼의 벨트 / 마법서 (파이어볼) / 마법서 (인챈트 마이티) / 신체의 벨트 / 완력의 목걸이 / 장갑 / 아데나 / 고급 다이아몬드 / 판금 갑옷 / 강화 초록 물약 / 투명 망토 / 최고급 루비 / 마법서 (헤이스트) / 낡은 신체의 벨트 / 소나무 막대 / 최고급 다이아몬드 / 마력의 돌 / 화룡 비늘 / 정신의 벨트 / 축복받은무기 마법 주문서 / 마법서 (서먼 몬스터) / 싸울아비 장검 / 축복받은갑옷 마법 주문서 / 마법서 (테이밍 몬스터) / 마법서 (슬로우) / 마법서 (리절렉션) / 초록 물약 / 순간이동 조종 반지 / 루비 / 일본도 / 축복받은일본도 / 지식의 목걸이 / 화룡 비늘 갑옷 / 단풍나무 막대 / 영혼의 벨트 / 축복받은싸울아비 장검 / 고급 루비 / 저주받은무기 마법 주문서 / 파란 물약 / 마법서 (인비지블리티) / 무기 마법 주문서 / 다이아몬드 / 용기의 물약 / 저주받은갑옷 마법 주문서 / 갑옷 마법 주문서 / 지혜의 물약 / 낡은 정신의 벨트
900,린드비오르,99,,아덴 대륙,싸울아비 장검 / 풍룡 비늘 갑옷 / 풍룡 비늘 / 투명 망토
